timestamp,rx,ry,rz,vx,vy,vz,label
10652.000000000002,-0.37381232505111356,-0.3856181994630702,-0.5432658666481848,0,0,0,0
10711,0.04545498316444742,0.07108038646815945,-0.6373501271315003,7.106225562975829,7.74065399883464,-1.594648482768109,0
10774,0.011816828632328292,-0.07119316413097866,-0.7261665119933945,-0.5339389608272878,-2.258310326970446,-1.409783886696734,0
10828,-0.005979064204961343,-0.08011324971810921,-0.7259663034469982,-0.32955357106091915,-0.16518677013204716,0.0037075656740065206,0
10879,0.07303260361473429,-0.06775125314510835,-0.7259659282990132,1.5492483886214832,0.24239208966668346,0.00000735584284333408,0
10932,0.06982162588076508,-0.08145119615079503,-0.7134598154955132,-0.060584485546588844,-0.2584894906733336,0.23596439251886797,0
10995.000000000002,0.1022200524606995,-0.08787202498172428,-0.7509184858787193,0.5142607393640235,-0.10191791795125492,-0.5945820695746838,0
11065,0.13398176212004265,-0.10891937524026334,-0.7545629295597822,0.4537387094191997,-0.3006764322648515,-0.05206348115804236,0
11116,0.17652930461686783,-0.13625478668597288,-0.7594833596109389,0.834265539153435,-0.535988459719795,-0.09647902061091611,0
11164,0.2184856646847102,-0.15784552320779793,-0.7513739605164406,0.874090834746716,-0.4498070108713553,0.16894581446871607,0
11210,0.24729006869039102,-0.1693957692630068,-0.7458858295936108,0.6261826957756701,-0.25109230554801915,0.11930719397455951,0
11260,0.24489431275067508,-0.18207477248654397,-0.7551204478843079,-0.04791511879431887,-0.2535800644707431,-0.184692365813941,0
11314,0.2245835075256721,-0.17129920663066575,-0.763810350013912,-0.3761260226852403,0.1995475158495966,-0.1609241135111866,0
11368,0.21955459552180315,-0.13579856103277976,-0.7685045857846834,-0.09312800007164736,0.6574193629238146,-0.08693029205132292,0
11429,0.21552106443217336,-0.1079669400525543,-0.791881518817862,-0.06612346048573414,0.4562560816430403,-0.3832284103799764,0
11487,0.2051087624100967,-0.0782389740867141,-0.809644606228951,-0.1795224486564941,0.5125511373420726,-0.30626012777739664,0
11519,0.20598182189422223,-0.07113711583916744,-0.8180975335645908,0.027283108878922713,0.2219330702358329,-0.26415397923874523,0
11552,0.20444933189993328,-0.07914541107246952,-0.8272643619104226,-0.04643909073602893,-0.24267561313036576,-0.27778267714641885,0
11585,0.20075424707347622,-0.08278007127609283,-0.8339717889447755,-0.11197226746839566,-0.11014121829161547,-0.20325536467736052,0
11619,0.1928678217588176,-0.08924952732535402,-0.8363306742887224,-0.23195368572525396,-0.19027811909591735,-0.06937898070432069,0
11654,0.1801201014789654,-0.09346618837174761,-0.840676152235487,-0.36422057942434816,-0.12047602989695981,-0.12415651276470119,0
11686,0.15692702584280874,-0.10367097607662124,-0.8405191315209936,-0.7247836136298957,-0.31889961577730075,0.0049068973279192685,0
11719,0.1368148724334167,-0.12004676845772369,-0.8391835508310078,-0.6094591942240012,-0.49623613276068046,0.04047214212077994,0
11752,0.11889620806677281,-0.14175819430605976,-0.8407017495897925,-0.5429898292922388,-0.6579219954041234,-0.04600602299347492,0
11787,0.10673495826597787,-0.1700186338012199,-0.8390673658482176,-0.3474642800227126,-0.8074411284331466,0.046696678330710686,0
11827,0.08972509816113103,-0.18776331883593686,-0.8415295990357349,-0.42524650262117103,-0.443617125867924,-0.061555829687931496,0
11869,0.07927103176305009,-0.19170508615499965,-0.8409928380861895,-0.24890634281145096,-0.0938516028348283,0.012780022608222768,0
11901,0.07263396371638478,-0.1871524289190127,-0.8499464632619493,-0.20740837645829083,0.14227053862459188,-0.27980078674249426,0
11922,0.07045922390323897,-0.18378433874916225,-0.858787417535622,-0.10355903872122901,0.1603852461833551,-0.42099782255584317,0
11952,0.06244416353224542,-0.1862544486348204,-0.8578636632094194,-0.2671686790331184,-0.08233699618860521,0.030791810873420644,0
11986,0.06367498447291496,-0.1799901750758361,-0.8591574878368418,0.036200615902045374,0.18424333997012698,-0.038053665512421626,0
12019,0.05307277501037792,-0.18762436129752483,-0.8543718240212327,-0.32127907462233446,-0.23133897641481024,0.14502011562451744,0
12055,0.044899479527249944,-0.19238520057491984,-0.8466760867452076,-0.22703598564244387,-0.13224553548319481,0.2137704798895869,0
12094,0.046807541838206554,-0.19088090893425338,-0.8502806957129309,0.04892467463991307,0.03857158052990911,-0.0924258709672641,0
12135,0.04218245541873339,-0.20954802727832228,-0.8491305543055844,-0.1128069858408089,-0.455295569367534,0.0280522294474752,0
12180,0.050371399273287286,-0.22159487464530367,-0.8539095413907759,0.18197653010119771,-0.2677077192662531,-0.10619971300425629,0
12234,0.05691903480117135,-0.1396354382621672,-0.8445008715800562,0.12125250977563085,1.517767340428453,0.17423462612443982,0
12276,0.08972695838210196,0.2163263812532158,-0.8230718630941716,0.7811410376412048,8.475281417032928,0.5102144877591567,0
12304,0.1126378539307168,0.5164400639943493,-0.7871241353645867,0.8182462695933874,10.718345812183339,1.2838474189137457,0
12338.000000000002,0.1355253195112634,0.7155059535147942,-0.7825252306000592,0.6731607523689814,5.854879103542184,0.13526190483903722,0
12361,0.15176147951992883,0.8023747945927734,-0.7799133604086559,0.7059200003768136,3.7769061338254817,0.11355957353928281,0
12386.000000000002,0.1632276636572052,0.8405474636107702,-0.7763519878331282,0.45864736549102164,1.5269067607197595,0.14245490302109715,0
12419,0.17763145968152932,0.8692061809503819,-0.770276833056812,0.4364786674037853,0.8684459799882837,0.1840955992823177,0
12453,0.1863019567463538,0.8863029964140063,-0.7718058060231998,0.2550146195536611,0.5028475136360119,-0.04496979312905191,0
12486,0.19177449500700755,0.8871907829351107,-0.7749301951358987,0.16583449274708326,0.026902621851646297,-0.09467845796057137,0
12519,0.19743795014603394,0.8889531056633246,-0.7846951390914759,0.17161985269776925,0.05340371903678703,-0.2959073925932501,1
12579,0.2016321119099811,0.8515815571361429,-0.7867532910290487,0.06990269606578596,-0.6228591421196954,-0.03430253229287916,0
12628,0.20485262667266804,0.7807463418027354,-0.803371952742348,0.06572479107524386,-1.4456166394572965,-0.33915636149590384,0
12659,0.1922257517419574,0.6644731542107002,-0.8039784349010571,-0.4073185461519558,-3.750747986839845,-0.019563940603521814,0
12695,0.17869965798309997,0.45426729240051594,-0.8031012734178254,-0.37572482663492884,-5.839051716949563,0.024365596756435893,0
12720,0.15941217623675255,0.2380850948184559,-0.8025244061084422,-0.7714992698538969,-8.6472879032824,0.023074692375328887,0
12753,0.13737564471356273,-0.0035178463204402484,-0.8094067182375406,-0.6677736825209037,-7.321301246633217,-0.20855491300298182,0
12786,0.13111447354783512,-0.19107009232650765,-0.8177207197846617,-0.18973245956750326,-5.683401394123254,-0.2519394408218494,0
12819,0.12969365592340185,-0.31729088930617777,-0.8292233667806685,-0.04305507952828102,-3.824872635747579,-0.34856506048505737,0
12853,0.13091388908890286,-0.40360278456589704,-0.8309394146578246,0.035889210750029904,-2.5385851546976257,-0.050471996386943184,0
12886.000000000002,0.13352842966970266,-0.45383938363692405,-0.8219632239563261,0.07922850244847429,-1.5223211839704316,0.2720057788332718,0
12925,0.13457884632874575,-0.5083738326040137,-0.8160703009297743,0.026933760488285777,-1.398319204284415,0.15110059042441387,0
12959,0.1366688893818997,-0.5324224854221623,-0.8103952725205409,0.06147185450452762,-0.7073133181808413,0.16691260027157045,0
13020,0.136088574050567,-0.5385009671260081,-0.8042567255407256,-0.009513366087421007,-0.09964724104665311,0.10063191770189028,0
13054,0.13559529271136,-0.540198860233775,-0.8001469984539992,-0.014508274682559054,-0.04993803258137651,0.12087432608018855,0
13086,0.13144278445136054,-0.5351200610792931,-0.798136213336089,-0.1297658831249833,0.15871247357755747,0.06283703493469364,0
13120.000000000002,0.1256925141210136,-0.5218982935037094,-0.7983144072795,-0.16912559795137172,0.38887551692891115,-0.005240998335617635,0
13153,0.1041113223039748,-0.47822040851470937,-0.8010377112218193,-0.6539755096072722,1.3235722723940138,-0.08252436188846951,0
13186,0.11501444125640482,-0.05941765291929641,-0.7912369690182732,0.3303975440130311,12.690992593800392,0.2969921879862454,0
13220,0.12891324369489268,0.42852821123044316,-0.7619424466088034,0.40878830701434876,14.351348945580574,0.8616036002785246,0
13253,0.1376489248405896,0.7088226924973424,-0.7537443195521654,0.2647176104756643,8.493772159603008,0.24842809262539475,0
13286,0.14675013955805855,0.8315194249330002,-0.7561896948260555,0.27579438537784673,3.7180828010805396,-0.07410228102697286,0
13322.000000000002,0.15383845318470726,0.8916078424710767,-0.7507408815355642,0.1968976007402322,1.6691227093909289,0.15135592473586162,0
13360,0.15926142816549876,0.9180176964316793,-0.7443669722587187,0.14270986791557264,0.6949961568579959,0.16773445465383557,0
13407,0.1647202149583694,0.9397236669352306,-0.7405236176338323,0.11614439984831114,0.46182915965002713,0.08177350265715715,0
13449,0.17091896933224635,0.9603879266571658,-0.7485083695472976,0.14758938985421327,0.4920061838555999,-0.1901131407967919,1
13504,0.17313991648423607,0.9924974634341371,-0.7476789202702165,0.04038085730890413,0.5838097595812977,0.015080895946928408,0
13534,0.17587770986601378,0.9210782862905683,-0.7625837588150259,0.0912597793925903,-2.380639238118961,-0.49682795149364656,0
13563,0.16797053275695317,0.8757462208646136,-0.7682714588070876,-0.2726612796227796,-1.5631746698605067,-0.19612758593316018,0
13590,0.15937356711971634,0.7232408011265491,-0.7751445029414987,-0.3184061347124752,-5.6483488791875756,-0.2545571901633757,0
13622,0.1385024325264846,0.45863339756907856,-0.7875974046815416,-0.6522229560384923,-8.268981361170955,-0.38915317937633986,0
13655.000000000002,0.12612213931638944,0.18164925181821975,-0.7987189996137086,-0.375160400305893,-8.393458962146775,-0.33701802824746696,0
13687.000000000002,0.10947000591899507,-0.03583321469650814,-0.8133639078972318,-0.5203791686685739,-6.7963270785852465,-0.4576533838600988,0
13724,0.09923257159521522,-0.19807233635824983,-0.8191910041016417,-0.2766874141562259,-4.384841125993234,-0.15748908660568098,0
13755,0.09506528830530081,-0.29514378138614195,-0.8201919069342479,-0.13442849322304534,-3.1313369363836165,-0.03228718814858813,0
13787,0.09232763891094672,-0.34970929314716176,-0.8182008452888831,-0.08555154357356518,-1.7051722425318692,0.06222067641764931,0
13821,0.0905231898258011,-0.39389839770256907,-0.8140623070402185,-0.05307203191604783,-1.2996795457472738,0.12172171319601804,0
13861,0.08534479129964237,-0.4208316100523103,-0.8112062221839116,-0.1294599631539682,-0.6733303087435305,0.07140212140767377,0
13904,0.08316037682645096,-0.42590888080602485,-0.8083290264878413,-0.0508003365858468,-0.11807606403987345,0.06691152781558736,0
13926,0.08016530588760923,-0.4379146336305555,-0.8062845122005672,-0.13613958812916951,-0.5457160374786658,0.09293246760337029,0
13953,0.0785497966353434,-0.44805912813440024,-0.8057770160489429,-0.05983367600984572,-0.3757220186609166,0.01879615376386166,0
13987,0.07699394261209144,-0.4627085289947151,-0.8031258454023252,-0.0457604124485868,-0.430864731185731,0.0779756072534613,0
14020,0.072115020574798,-0.470328445041577,-0.8023700406681289,-0.14784612234222544,-0.23090654687460324,0.022903173763525495,0
14053,0.06866136227295554,-0.47985397749381803,-0.8008988093678798,-0.10465631217704442,-0.2886524985527583,0.04458276667421409,0
14087,0.06624190989485432,-0.4765956789204986,-0.8008453966467024,-0.07116036406180057,0.09583231097998353,0.0015709623875713532,0
14120.000000000002,0.06412544798146796,-0.47116631876524384,-0.8031693001115628,-0.0641352094965526,0.16452606531074085,-0.07042131711697927,0
14153,0.062415696758494225,-0.37086800768599415,-0.807689209886005,-0.051810643120419185,3.0393427599774308,-0.13696696286189136,0
14190,0.07620747864588931,-0.03668445411084196,-0.8006234227747806,0.37275086182148875,9.031987934463572,0.19096721922228133,0
14220,0.08979146024900335,0.3493721759114537,-0.765938314082312,0.452799386770468,12.868554334076522,1.1561702897489516,0
14264.000000000002,0.1028009007052423,0.6616237552665473,-0.7612333842549215,0.2956691012781456,7.096626803524559,0.10693022334978124,0
14314,0.110754736927132,0.8087783471574739,-0.775290300805955,0.15907672443779994,2.9430918378186397,-0.2811383310206797,0
14367,0.12074012544083848,0.8895953007610917,-0.7806318132357787,0.18840355686238638,1.5248481812003367,-0.10078325339290047,0
14395,0.12585730078246615,0.9194294259891848,-0.7869811525367076,0.18275626220098828,1.065504472431894,-0.22676211789031991,0
14423,0.12912466620665658,0.9283955005318775,-0.7916172180710278,0.11669162229251526,0.32021694795331124,-0.1655737690828631,0
14453.000000000002,0.1315363913634584,0.9298706531657115,-0.7911572641759378,0.08039083856005595,0.04917175446113103,0.01533179650299957,0
14487,0.1329469387481565,0.9499837942249716,-0.794188032817561,0.04148668778524019,0.5915629723312109,-0.08914025416539346,1
14520,0.1347496377614754,0.9589322541194006,-0.7942386136687678,0.05462724282784522,0.27116545134633485,-0.0015327530668725457,0
14554,0.13603476777584547,0.957169292340276,-0.7918709641887723,0.03779794159912011,-0.051851817033076626,0.06963674941163116,0
14587,0.14265465364193755,0.9404387413497516,-0.7920084984667376,0.20060260200279026,-0.5069863936522561,-0.004167705392886564,0
14626,0.14708829295212478,0.8807668085830203,-0.7864467359105658,0.1136830592355699,-1.530049558121316,0.14260929631209746,0
14666,0.1478317940699119,0.7195921728204719,-0.7779101738181855,0.018587527944678023,-4.029365894063708,0.21341405230950738,0
14711,0.12823235135815395,0.3243184707638527,-0.7953409584181926,-0.43554317137239895,-8.783860045702651,-0.3873507688890474,0
14764.000000000002,0.12142684050418368,0.05759347456387595,-0.8316726867432908,-0.128405865169246,-5.0325470981125955,-0.6855043080206958,0
14825.000000000002,0.09625687650737755,-0.19978843312794853,-0.8450386561235184,-0.41262236060337915,-4.219375535931548,-0.21911425213487878,0
14863,0.0871501509221532,-0.3001823585891174,-0.8502882080056967,-0.23965067329538914,-2.6419454068729915,-0.13814610216259476,0
14887,0.0803354033256713,-0.34621036362296237,-0.8492269621280544,-0.2839478165200792,-1.9178335430768736,0.04421857823509734,0
14920,0.07361259277305375,-0.3840963429653564,-0.842673390911297,-0.20372153189750133,-1.148059980072546,0.19859306717446576,0
14954,0.06788068054174305,-0.41504258739472316,-0.8376121014591932,-0.16858565386207935,-0.910183659687258,0.14886145447364185,0
14987,0.059845741069333006,-0.4345474040388695,-0.8386242815656718,-0.24348301431545594,-0.5910550498226159,-0.03067212443874645,0
15020,0.055703416449431595,-0.46128784133486567,-0.8363192813277891,-0.12552498848186092,-0.8103162816968539,0.06984849205705197,0
15054,0.051350032121100626,-0.48041001834212943,-0.8322321369543589,-0.12804071553914612,-0.5624169708018754,0.1202101286302989,0
15087,0.04742888925659946,-0.4945440969607324,-0.8285680066654536,-0.11882251104548992,-0.42830541268493927,0.11103425117894944,0
15125,0.04296037954301125,-0.5050925393986423,-0.8264560807383465,-0.11759236088390031,-0.2775905904713123,0.05557699808176506,0
15168.000000000002,0.038022397868427746,-0.4907179873479425,-0.8288121470811579,-0.114836783129844,0.33429190815579557,-0.0547922405304949,0
15206,0.05164988980127653,-0.26232138461047866,-0.8149899574543649,0.35861820875919564,6.010436914144073,0.36374183228404494,0
15235,0.05991799258151493,0.07509797369887652,-0.7829628023444151,0.2851069924220138,11.63515028652949,1.1043846589637862,0
15263,0.06943168363758216,0.2900111450003907,-0.7542463015537287,0.3397746805738297,7.675470403625506,1.0255893139530832,0
15289,0.08462163939240423,0.5404664788017624,-0.7429969796388011,0.5842290674931566,9.63289745389891,0.432666227497218,0
15320,0.09601499740066205,0.7040255820397328,-0.7608297594747772,0.367527677685736,5.276100104450658,-0.5752509624508415,0
15354.000000000002,0.10601156478745943,0.8382642961053617,-0.7768207039807478,0.2940166878469661,3.9481974725182867,-0.4703218972344044,0
15387,0.11646855898354275,0.9292449271589652,-0.8004486036313871,0.3168786120025421,2.75698881980632,-0.7159969591103238,1
15423,0.12068451474170144,0.954348767075231,-0.8095137747683431,0.1171098821710749,0.6973288865629375,-0.25181030935988696,0
15461,0.12434897967296575,0.983898388220851,-0.8175011101605466,0.09643328766485021,0.7776216090952628,-0.21019303663693506,0
15500,0.12383128233564526,0.9760079861738197,-0.819726164077087,-0.013274290700525345,-0.2023180012059304,-0.05705266452667631,0
15544,0.12840818132974782,0.9733987342024552,-0.8266909259265919,0.1040204316841491,-0.05930118116737554,-0.15829004203420222,0
15593,0.127868327725408,0.9698479324107593,-0.8295117255818887,-0.011017420496731326,-0.07246534268767077,-0.05756733990401636,0
15646,0.127311764999985,0.9646573970135215,-0.8303690585551078,-0.010501183498546833,-0.09793463013656216,-0.016176093834322735,0
15706,0.13617669071427638,0.8936058891084817,-0.8461471498488822,0.1477487619048562,-1.1841917984173298,-0.26296818822957313,0
15764.000000000002,0.13472581481841928,0.7477494481643902,-0.8399852072690023,-0.025015101652707854,-2.5147662231739134,0.10624038930827076,0
15816,0.11355601412882771,0.34910870387853127,-0.8504381952560028,-0.407111551722929,-7.666168159343709,-0.20101899975001783,0
15869,0.10298118364464386,0.08022460117472012,-0.8746784377271867,-0.19952510347516705,-5.073284956675682,-0.45736306549403466,0
15924,0.07997484551845241,-0.17644794398719582,-0.8650933984185867,-0.41829705683984447,-4.666773548398472,0.1742734419745454,0
15962,0.07250961012674724,-0.2824179781801914,-0.8783756151546472,-0.19645356293960972,-2.7886851103419885,-0.3495320193700147,0
16004.999999999998,0.061494830529273625,-0.3648687527649691,-0.8681664028414977,-0.2561576650575368,-1.9174598740646795,0.23742354216627817,0
16048.000000000002,0.05880524191062787,-0.4133382070416103,-0.8567276085652371,-0.06254857252664012,-1.1271966110845832,0.2660184715409217,0
16070,0.05925944155522458,-0.42888511027136955,-0.8498562807752711,0.020645438390761016,-0.7066774195345706,0.3123330813621176,0
16094.999999999998,0.059891838276703836,-0.44575755413396195,-0.850203158530007,0.025295868859172187,-0.6748977545037452,-0.013875110189439554,0
16120.999999999998,0.05711120003424349,-0.451067423138521,-0.845002827532618,-0.10694762471001329,-0.20422573094457858,0.20001273066880906,0
16154,0.05547131474215003,-0.4598581211920008,-0.8456153172393758,-0.04969349369979911,-0.2663847894993737,-0.01856029414417344,0
16187.999999999998,0.05390309114893645,-0.46507870056468426,-0.8425695126053855,-0.046124223329813724,-0.1535464521377565,0.08958248923501332,0
16221,0.0531182444864444,-0.46547138562512447,-0.8398495105634599,-0.023783232196727358,-0.011899547286066377,0.0824243043007704,0
16254.000000000002,0.05254112827361582,-0.45966141087234885,-0.8371485900266843,-0.017488370085713693,0.17605984099319075,0.08184607687198396,0
16288,0.0510716064108298,-0.4436354986913242,-0.835091515529183,-0.043221231258414594,0.4713503582654567,0.0605021911029813,0
16323,0.049395889491954434,-0.40346210756745643,-0.8368415137114235,-0.04787762625358186,1.14781117496765,-0.04999994806401199,0
16361,0.05662971733766662,-0.274962949958032,-0.8354432668937815,0.19036389067663648,3.38155677919538,0.03679596888531583,0
16407,0.07273711504717921,0.16008825271295915,-0.7863613079559179,0.35016081977201285,9.457634840673721,1.0669991073448608,0
16467,0.08750111806097007,0.5719177636371722,-0.7518887686694213,0.24606671689651427,6.863825182070218,0.5745423214416087,0
16525,0.09784457588793885,0.7841585585372872,-0.7774632524413754,0.17833547977532388,3.6593240500019832,-0.44093937537851785,0
16560,0.10280961578952177,0.8517824396542976,-0.7915807108893667,0.14185828290236924,1.932110889057438,-0.40335595565689375,0
16588,0.10798834454056998,0.898205120762412,-0.7978388429441148,0.18495459825172153,1.6579528967183723,-0.22350471624100438,0
16621,0.11382995188376697,0.9276078093860334,-0.8079422818022829,0.17701840433930294,0.8909905643521632,-0.30616481388388217,1
16654,0.11721422509918408,0.9437422526600686,-0.8111129442283275,0.10255373380051842,0.4889225234556132,-0.09608067957710846,0
16688,0.11955283743553469,0.9638211448373711,-0.8117107777966585,0.06878271577501775,0.5905556522736035,-0.017583340245028983,0
16721,0.12161561884622149,0.9795189240687863,-0.8137145431797329,0.0625085275965698,0.47569027973985245,-0.06072016312346823,0
16755,0.12266725793206207,0.9811528992597705,-0.8121387485421631,0.030930561348252283,0.048058093852475954,0.04634690110499557,0
16788,0.12392531461209697,0.9861963869712107,-0.8120216625434612,0.03812292969802718,0.15283296095273494,0.0035480605667230366,0
16821,0.12434167327864462,0.9877186461858545,-0.8098896306266086,0.012616929289322907,0.04612906711041736,0.06460702778341297,0
16859,0.12435964797623311,0.9948307792368243,-0.8094374640648957,0.00047301835759186597,0.18716139607815274,0.011899120045075645,0
16900,0.1254400098937372,1.0090017586601296,-0.8161762126540798,0.026350290670831087,0.3456336444708625,-0.16435972168741725,0
16947,0.12648304133406105,1.0211962696605028,-0.8231489559537668,0.02219215830476299,0.2594576808590035,-0.14835624041887235,0
17003,0.1323670135667877,0.8825786800389581,-0.8156341539710019,0.10507093272726176,-2.4753141003847268,0.13419289254937294,0
17031,0.13217765934539105,0.6531252726407387,-0.8220733047208189,-0.006762650764166204,-8.194764549936407,-0.22996966963631912,0
17059,0.12104584264278757,0.44025120819584057,-0.8238051012963103,-0.39756488223583847,-7.602645158746363,-0.061849877696124836,0
17088,0.10751569495981521,0.19021940531835993,-0.8373118117994564,-0.4665568166542195,-8.62178630612002,-0.46574863803951727,0
17121,0.10350026051359466,-0.010866564907037359,-0.8726584044225502,-0.12167983170365287,-6.093514249254463,-1.071108867366479,0
17155,0.1009546761905592,-0.1749717863837381,-0.8654259947824025,-0.07487012714810184,-4.826624161079433,0.21271793059257962,0
17189,0.0950628642164266,-0.28481920979770753,-0.8531945783606371,-0.17328858747448836,-3.230806570999101,0.35974754181662927,0
17225,0.08851110739880264,-0.3647103121837075,-0.8462718267597227,-0.1819932449339989,-2.219197288499999,0.19229865558095496,0
17255,0.08468075914223061,-0.4051618003884811,-0.838692322226222,-0.1276782752190675,-1.3483829401591207,0.25265015111668826,0
17288,0.08200237904226226,-0.41981948008362674,-0.8337097161099857,-0.08116303333237415,-0.44417211197411033,0.15098806412837437,0
17331,0.0770808538494633,-0.4311468769219823,-0.8246228886257404,-0.11445407425113878,-0.2634278334501289,0.2113215694010529,0
17382,0.07450007496455764,-0.425862167608545,-0.8211853599361004,-0.0506035075471697,0.10362175124386813,0.06740252332627411,0
17442,0.07668772344859057,-0.4107860475016348,-0.8106365386307011,0.036460808067215425,0.2512686684485038,0.17581368842332265,0
17471,0.08110622861766563,-0.4007447309772173,-0.8156834567004598,0.1523622472094849,0.3462522939454302,-0.17403165757788847,0
17489,0.08086679217327145,-0.39740446125510664,-0.8134517196163131,-0.013302024688565766,0.18557054011725868,0.12398539356370562,0
17522.000000000004,0.08507999798737421,-0.3908470590275224,-0.8213270639440519,0.1276729034576456,0.1987091584116211,-0.2386467978102383,0
17555,0.08352302084429951,-0.3804241473017553,-0.8213293804644147,-0.047181125547723565,0.3158458098717666,-0.00007019758675352637,0
17588,0.09082689371999438,-0.36248032902473126,-0.824202905151005,0.22132948108166262,0.5437520690007277,-0.08707650565425154,0
17622,0.10624056521982812,-0.18992416227725015,-0.8273958962336998,0.4533432794068749,5.075181374925915,-0.09391150243219923,0
17655,0.11144344316065827,0.09032454508804239,-0.8038690958149654,0.15766296790394377,8.49238507167553,0.712933346022256,0
17688,0.12171733589119252,0.45611819512462953,-0.7913974033662585,0.31133008274346213,11.084656061714762,0.3779300742032372,0
17722,0.13145869003536265,0.6560128373571681,-0.8167088103407858,0.28651041600500377,5.879254183309957,-0.7444531463096257,0
17758,0.1423918212550575,0.7364353240515868,-0.8395280544348187,0.3036980894359683,2.2339579637338547,-0.6338678915009142,0
17798,0.14304721768115494,0.839902327091122,-0.8433909520596026,0.01638491065243594,2.5866750759883788,-0.09657244061959669,0
17847,0.14918235784225223,0.8747628223018961,-0.8585007923850799,0.1252069420632099,0.7114386777708991,-0.308364088275048,0
17909,0.15482878923521523,0.891300735793936,-0.8633343727729211,0.09107147408004843,0.2667405401941923,-0.07796097399743883,0
17963,0.1597312864755144,0.9244166883212653,-0.8616914717621517,0.09078698593146621,0.6132583801357288,0.03042409279202724,1
18013,0.1657623109771627,0.9542686274689234,-0.8701731529739185,0.12062049003296604,0.5970387829531609,-0.1696336242353369,0
18065,0.15713461318400798,0.9560338475232587,-0.8578143406419722,-0.1659172652529755,0.033946539506448575,0.23766946792204532,0
18114,0.15700222603454517,0.8851048350957572,-0.859703645746647,-0.0027017785604656086,-1.4475308658673773,-0.03855724703418138,0
18170,0.15764111032974426,0.6933196279136288,-0.8568051701839738,0.011408648128555243,-3.424735842538008,0.05175849219059281,0
18228,0.12443158585813784,0.2723326580281694,-0.8499931459461776,-0.5725780081311452,-7.258396032507919,0.11744869375510783,0
18291,0.0995017079883504,-0.08017553931670644,-0.8620701819383999,-0.39571234713948317,-5.595368211823427,-0.19169898400352886,0
18350,0.09787430971461177,-0.4107939087898757,-0.8329253261177121,-0.02758302158879036,-5.6037011775113434,0.49398060713030206,0
18386,0.09642430361838861,-0.5602798664354485,-0.7963448869890395,-0.04027794711730995,-4.152387712377021,1.0161233091297943,0
18418,0.09941681641703996,-0.6578765936511776,-0.7676217084468717,0.09351602495785488,-3.049897725491534,0.8975993294427428,0
18451,0.09941661524902985,-0.7043355925468715,-0.7505608519904878,-0.000006096000306395529,-1.4078484513846647,0.5169956501934512,0
18482,0.10151028342524394,-0.7101210232523616,-0.739756815634213,0.06753768310368038,-0.18662679695129325,0.34851730181531626,0
18516,0.09861574065088669,-0.6978364765429327,-0.7332874451418738,-0.0851336110105076,0.36131019733614445,0.19027560271585878,0
18548,0.09675210043197693,-0.6893395435532048,-0.7266511063990786,-0.058238756840929724,0.26552915592899584,0.20738558571235105,0
18582,0.09213817336096353,-0.6721743573214016,-0.7253690227551185,-0.13570373738274727,0.5048584185824466,0.03770834246941461,0
18615.000000000004,0.09027542235507523,-0.6536371353522041,-0.7373504405407769,-0.0564470001784271,0.5617339990665288,-0.36307326623203334,0
18649,0.07843205412540494,-0.6049774307494655,-0.7488641989940146,-0.3483343596962223,1.4311677824336417,-0.3386399545070261,0
18703,0.10259994196897725,-0.080456931453062,-0.768741620062348,0.44755347858467237,9.71334257956303,-0.3681003901543233,0
18765,0.11341156734131767,0.3867965145933269,-0.7579586952602129,0.17438105439258755,7.536345903974015,0.17391814196992197,0
18800,0.110796524045463,0.6532304881645465,-0.7771788394614771,-0.0747155227387049,7.612399244891988,-0.5491469771789793,0
18824,0.11863596868710197,0.7514610749313554,-0.7914801261118105,0.3266435267349569,4.092941115283702,-0.5958869437638903,0
18856,0.12923282876372288,0.8102025637148998,-0.8112940987963683,0.33115187739440366,1.8356715244857644,-0.6191866463924299,0
18889,0.1387381772220978,0.8311398259385648,-0.8239995356521285,0.2880408623749975,0.6344624916262117,-0.38501323805333937,0
18922,0.14598075098382718,0.8536991603945273,-0.836788237060658,0.21947193217361746,0.6836161956352266,-0.38753640631907577,0
18956,0.14960168161119072,0.8882741425850667,-0.8478220942938042,0.10649795962833954,1.0169112408982157,-0.3245252127395942,0
18989,0.15464021556749602,0.9061942934921522,-0.8648717741699242,0.15268284716076655,0.543034875972289,-0.5166569659430318,1
19022.000000000004,0.15659923946322443,0.9027740320729838,-0.8676355462995792,0.05936436047661201,-0.1036442854293341,-0.08375067059559535,0
19056,0.15946640487611055,0.9088186300731376,-0.8763178075787394,0.08432839449665959,0.177782294122189,-0.2553606258576825,0
19091,0.15985178525340848,0.9109015415049909,-0.8751932287509604,0.011010867922798102,0.059511755195810034,0.03213082365083013,0
19129,0.16132397136567453,0.9164052795841386,-0.8751052264041713,0.03874173979647484,0.14483521260915064,0.0023158512312914047,0
19176.000000000004,0.16304491193654394,0.8208207061655979,-0.8853590030613185,0.03661575682700592,-2.0337143280539016,-0.21816546079034946,0
19234,0.15980469168057515,0.5976553312864141,-0.8757502730539011,-0.05586586648222402,-3.8476788772275476,0.16566775874858738,0
19290,0.13332617972899005,0.22930898769807032,-0.8738620371546211,-0.4728305705640196,-6.577613278363283,0.03371849820142857,0
19344,0.1174328046663994,-0.051162298906773256,-0.8911029934361446,-0.2943217604183455,-5.19391271490451,-0.31927696817636214,0
19373,0.10778632880760311,-0.13591324760820442,-0.8893613756134509,-0.3326370985791822,-2.9224465069459016,0.060055786989440516,0
19401,0.1056808840679124,-0.16401176005630877,-0.8869441352390296,-0.07519445498895391,-1.0035183017180125,0.08633001337218782,0
19430,0.1061133177864267,-0.17376260628597964,-0.8859713839587772,0.014911507534975846,-0.3362360768852025,0.03354314759491125,0
19460,0.09458904144536599,-0.19219688261383783,-0.8769389068126969,-0.3841425447020236,-0.6144758775952729,0.3010825715360081,0
19494,0.09340479577787589,-0.17720076318866665,-0.8782746458747751,-0.03483075492617956,0.4410623360344464,-0.03928644300229936,0
19528,0.09568962607243196,-0.15666108083125146,-0.8781244927737661,0.06720089101635515,0.6041083046298583,0.004416267676734269,0
19563,0.08688411865438614,-0.14734257373381385,-0.8712583884584502,-0.2515859262298807,0.26624305992678904,0.19617440900902797,0
19599,0.085951719426295,-0.13439747225394202,-0.8712011994346387,-0.025899978558087323,0.3595861522186618,0.0015885839947629402,0
19640,0.0791257341341837,-0.14561893835420817,-0.8710220832020216,-0.16648744614905608,-0.27369429512844246,0.00436868860041773,0
19683,0.07893097697215921,-0.15641443065101832,-0.8776494924188597,-0.004529236326150719,-0.25105796039093375,-0.15412579574042168,0
19731,0.08089478685153927,-0.16885596798637753,-0.8741147598396908,0.04091270582041775,-0.2591986944866503,0.07364026206601916,0
19784,0.0868351585654519,-0.12524765398124463,-0.865601693267904,0.11208248516816297,0.8227983774553378,0.16062389758088194,0
19843,0.10572173487075523,0.38257916119639734,-0.8482566468210158,0.3201114628017513,8.607234155553254,0.2939838380828522,0
19877,0.11107146232871411,0.6530563396271327,-0.8492515575983758,0.15734492523408464,7.955211130315746,-0.029262081687059564,0
19899,0.11772648047229636,0.7451480851445366,-0.8514443725163706,0.3025008247082844,4.185988432609266,-0.09967340536340157,0
19923,0.12422082377316312,0.8280683716018701,-0.8489080853599164,0.27059763753611504,3.4550119357222298,0.10567863151892769,0
19956,0.13042016292546948,0.8798134924522875,-0.8462095745229095,0.1878587621911018,1.568033965164163,0.08177305566687562,0
19989,0.13725202109127135,0.9195874266302934,-0.8541877734065526,0.20702600502429902,1.2052707326668453,-0.2417636025346409,0
20023,0.14405608179289187,0.906362801358388,-0.8616122067476601,0.2001194324006033,-0.38895956682074634,-0.2183656865031629,0
20056,0.15107399280197345,0.9001878388161849,-0.8696306973784292,0.21266396997216921,-0.18712007703645656,-0.24298456456876039,0
20089.000000000004,0.15486209672532134,0.8987939181467147,-0.8745798315244839,0.11479102798022629,-0.042240020286970936,-0.14997376200164075,0
20123,0.15786130428786338,0.8921023792553289,-0.8778528068282477,0.08821198713359898,-0.19680996739372256,-0.0962639795224751,1
20157,0.1619853135912121,0.8891060193346617,-0.8873970090325982,0.12129439127496232,-0.08812823296079875,-0.28071182953972007,0
20193,0.16371146775909762,0.9004614879569739,-0.8857158531303985,0.04794872688570885,0.31542968395311616,0.04669877506110415,0
20238,0.16417544368448286,0.9117420781060732,-0.8804671362765325,0.010310576119672133,0.25067978109109607,0.11663815230813256,0
20286,0.1676557674579039,0.900270159858936,-0.8783690334419033,0.07250674527960477,-0.23899829681535883,0.043710475721441454,0
20340,0.17101645340858926,0.836236530859957,-0.8761029945210322,0.06223492501269196,-1.1858079444255374,0.041963683719834666,0
20368.000000000004,0.17374281904946903,0.7873188566643144,-0.8728767923516211,0.0973702014599793,-1.7470597927012919,0.11522150605038371,0
20397.000000000004,0.17381869326739968,0.7428356089332494,-0.8737855053593309,0.002616352342436183,-1.5339050941746566,-0.031334931300337335,0
20423,0.1757696439522588,0.7064168095665695,-0.8518905835523761,0.07503656480228436,-1.4007230525648078,0.8421123771906847,0
20456,0.17193791540217943,0.632927632470942,-0.8384548285551325,-0.11611298636604174,-2.226944760473561,0.40714409082556324,0
20490.000000000004,0.17330052870931767,0.5890635617648641,-0.8301897226158893,0.04007686197464995,-1.2901197266492117,0.24309135115418673,0
20523,0.16745702027294523,0.564463690641222,-0.8093995028973713,-0.17707601322342667,-0.745450640110447,0.6300066581369793,0
20559,0.1710217611634495,0.5078417222483844,-0.8184641872212159,0.09902058029178513,-1.5728324553566007,-0.2517967867734629,0
20597,0.16672171325108268,0.47989143258827255,-0.8197526260572174,-0.11315915558860058,-0.7355339384239966,-0.03390628515793403,0
20627,0.1646673145446846,0.4427265947274364,-0.8196609539588671,-0.06847995687993547,-1.2388279286945378,0.0030557366116790163,0
20663,0.1638050931283105,0.41885456711739166,-0.8192837186921301,-0.023950594899280506,-0.6631118780567988,0.01047875740935949,0
20698,0.16177366262843376,0.3932544995190862,-0.8168887160326012,-0.058040871425050045,-0.7314305028087275,0.06842864741511331,0
20756,0.1531759286108998,0.36820922739191947,-0.8136138185680523,-0.1482367934057581,-0.4318150366752884,0.056463749388774104,0
20778,0.15147497352282546,0.36331014964462116,-0.8123734540284411,-0.077316140367015,-0.2226853521499231,0.05638020634596286,0
20808,0.15378597973394198,0.3756517645059688,-0.8075041094643471,0.07703354037055059,0.41138716204492204,0.16231148546979787,0
20831,0.15380055586525007,0.38197131981004495,-0.8069776958872906,0.0006337448394822459,0.2747632740902665,0.02288754682854422,0
20856,0.15176412021106264,0.408387145303226,-0.8044815218463794,-0.08145742616749718,1.0566330197272422,0.09984696163644724,0
20890,0.14930447729781368,0.43298378330649423,-0.805235143067728,-0.07234243862496942,0.7234305295078889,-0.02216533003966436,0
20925,0.1437874847624273,0.49966768615592383,-0.7991882252181864,-0.15762835815389634,1.9052543671265598,0.17276908141547395,0
20962,0.1444460752503084,0.6086901394209175,-0.8019004464486104,0.017799742915704957,2.946552790945776,-0.0733032764979437,0
21000,0.14830752696161814,0.740416532683903,-0.803142883705321,0.10161715029762498,3.4664840332364584,-0.032695717281860354,0
21044,0.14958442647308112,0.8209715668624882,-0.8281279630032433,0.02902044344234048,1.8307962313314825,-0.5678427113164151,0
21095,0.15023436322042819,0.8279612802267157,-0.8345302118305323,0.012743857791118883,0.13705320322014689,-0.12553429073115716,0
21153,0.15196774898640483,0.870847380212528,-0.832723786880754,0.029885961482355984,0.7394155169967652,0.03114525775479897,0
21210,0.16423248983733404,0.907025410533718,-0.8345222396886367,0.21517089212156512,0.6347022863366655,-0.031551803647065106,0
21267,0.17031367834742692,0.8989156708586961,-0.8472205283220366,0.10668751772092758,-0.14227613464950759,-0.2227769935684201,0
21315,0.17453934034329002,0.9090012585472095,-0.8576270374442554,0.08803462491381471,0.2101164101773629,-0.21680227337955715,0
21366,0.1785756914661264,0.9021072452011385,-0.8603045178537339,0.0791441396634583,-0.1351767322759016,-0.05249961587212669,1
21418,0.18581481793169552,0.8988749478234205,-0.8676349520720299,0.1392139704917139,-0.06215956495611574,-0.14096988881338549,0
21471,0.1860988803648052,0.8798036686780277,-0.8744733318453216,0.005359668549239408,-0.35983545557344815,-0.12902603345833422,0
21511,0.176662544556505,0.8097992598383569,-0.8654697616576664,-0.23590839520750487,-1.7501102209917712,0.22508925469137964,0
21567,0.17558433332011633,0.6896385611086919,-0.8437760218590508,-0.01925377207836932,-2.145726763029731,0.3873882106895654,0
21621.000000000004,0.16578016575073926,0.587464846233935,-0.7856290478122661,-0.18155865869215584,-1.8921058310138894,1.0767958156811257,0
21681,0.15156682766872193,0.45830454294854295,-0.7922240735672109,-0.23688896803363652,-2.152671721423332,-0.10991709591575435,0
21741,0.14459903322387313,0.3668072921588537,-0.794560046095061,-0.11612990741414661,-1.5249541798281538,-0.03893287546416861,0
21769.000000000004,0.13862946631626777,0.34452256089807115,-0.7984254756118099,-0.21319881812873523,-0.7958832593135596,-0.13805105416958355,0
21798,0.13689849849766697,0.33062445919470473,-0.8067349519892955,-0.05968854546900053,-0.47924488632304,-0.2865336681891939,0
21826,0.13439724107170956,0.328915068857361,-0.8109195042617989,-0.08933062235562196,-0.061049654905133616,-0.14944829544655258,0
21857,0.12968382421417837,0.33806612534795377,-0.8091906201226808,-0.15204570508165108,0.2951953706642832,0.055770456100583614,0
21890,0.12653203261895013,0.3493930351189721,-0.7992234800245964,-0.09550883621903765,0.3432396900308576,0.30203454842680044,0
21924,0.12284865659810022,0.364772290083696,-0.7926187814441409,-0.10833458884852668,0.45233102837423295,0.19425584060163342,0
21959,0.12424822557078218,0.3976428678896572,-0.7860957289868259,0.03998768493377007,0.9391593658846056,0.18637292735185693,0
21998,0.11925985600763386,0.42524340479604955,-0.7777531165860202,-0.12790691187559775,0.707706074522881,0.21391313848219726,0
22039,0.11743975722120022,0.5387957546408523,-0.7495379939332861,-0.04439265332764991,2.7695695084098224,0.6881737232374163,0
22082,0.12811416963692135,0.7159873692534614,-0.7471660042877726,0.24824214920281706,4.12073522354905,0.055162549895663965,0
22132,0.13857391352830656,0.8374012578311172,-0.7507930947575683,0.20919487782770418,2.4282777715531156,-0.07254180939591404,0
22192,0.14315042998414362,0.8680406334334746,-0.7350079256882999,0.07627527426395109,0.5106562600392902,0.26308615115447354,0
22234,0.14667217227778906,0.8595014661209197,-0.7214842846311782,0.08385100699155798,-0.20331350744178298,0.32199145374099214,0
22275.000000000004,0.15022338254875617,0.8578824585213883,-0.7150907029941357,0.08661488465772668,-0.03948799023246905,0.1559410155376084,0
22316,0.15377057844751532,0.8646685800086246,-0.7182661652003036,0.08651697314047484,0.1655151582252886,-0.0774502977114199,0
22358,0.15597065999185997,0.8690654271299606,-0.7204015009420325,0.05238289391296774,0.10468683622228651,-0.0508413271840205,0
22399,0.15778397277278852,0.875473495103909,-0.7221459939921251,0.04422714099825745,0.1562943408280107,-0.042548610977868544,0
22446,0.1575528255574154,0.8659952669846722,-0.7163116081896975,-0.004918025859002619,-0.2016644280688685,0.12413586813675673,0
22499,0.1584251193794597,0.8648799507920437,-0.7149373736526224,0.01645837400083566,-0.021043701747707578,0.025928953529718506,0
22554.000000000004,0.154949081611452,0.8993416727756626,-0.756396721870959,-0.06320068669104492,0.6265767633384832,-0.7538063312424323,1
22603,0.15004868950666964,0.8501941808976301,-0.7764024509746666,-0.1000080021384228,-1.0030100383272678,-0.40828018578998304,0
22634,0.14388155580083556,0.7506180588244651,-0.7855451564009145,-0.1989397969623896,-3.2121329701020973,-0.29492598149186594,0
22663,0.1422676962306529,0.673502896504816,-0.7907790182092096,-0.05565033000629815,-2.659143528263762,-0.18047799338948634,0
22692,0.1384764383144562,0.5140118437407586,-0.792764114622989,-0.1307330315929904,-5.499691474622669,-0.06845160047515238,0
22724,0.13381875934681914,0.3209723485997655,-0.800401389614407,-0.14555246773865788,-6.032484223156034,-0.23866484348181172,0
22758,0.1364489845996713,0.14543796559187336,-0.8115972093553796,0.07735956626035792,-5.162775970820356,-0.32928881591095915,0
22795,0.12947493073413033,0.0013421506789841526,-0.8250998212784046,-0.1884879423119184,-3.8944814841321405,-0.36493545737905525,0
22824,0.11865297889634115,-0.11694193477813707,-0.8211829966207843,-0.37317075302721314,-4.078761567486938,0.1350629192282873,0
22857,0.11929934921509466,-0.20112559753038403,-0.828024000121758,0.01958697935616718,-2.551020083401423,-0.207303136393143,0
22891,0.11953405881471206,-0.2551273712383805,-0.8244701324348541,0.0069032235181587355,-1.5882874619998952,0.1045255202030562,0
22928,0.1157306151522945,-0.2787226737276417,-0.8208826374714008,-0.10279577465993392,-0.6377108780881413,0.09695932333657681,0
22971,0.12093698265605765,-0.27102756408229495,-0.820402454865829,0.1210783140410034,0.17895603826387801,0.011167037338879316,0
23013,0.12485847426913184,-0.18557665664533857,-0.8150627939120193,0.0933688479303378,2.034545415165628,0.12713478461451586,0
23125,0.12963030218183047,0.05444637912702171,-0.8005580720863594,0.042605606363380635,2.143062819396074,0.12950644487196314,0
23161,0.13918901737655395,0.26809988459902945,-0.8015584679298636,0.26551986652009674,5.93481959644466,-0.027788773430672174,0
23191,0.1501264527995833,0.5590659570418145,-0.8040584724483468,0.36458118076764523,9.698869081426169,-0.08333348394944004,0
23238,0.15853357321527473,0.8173658787609268,-0.8152856426701302,0.1788749024615195,5.4957430153002615,-0.2388759621656026,0
23284,0.1659744724865448,0.8945719890231857,-0.8190178842683261,0.16175867981021877,1.6783937013534538,-0.08113568691730352,0
23331,0.17271344311719297,0.924961044390066,-0.8272445005865092,0.14338235384357836,0.6465756461038362,-0.17503438974857682,0
23383,0.17248475151443776,0.9555116568943444,-0.8337009127993703,-0.004397915437600192,0.5875117789284303,-0.12416177332425163,1
23456,0.1732315358532618,0.9628294017844616,-0.8454351652151817,0.010229922449644175,0.10024308068653799,-0.16074318377823818,0
23569,0.17667601151926576,0.9899850393835131,-0.8752804917996587,0.0304820855398582,0.2403153769827565,-0.2641179343759029,0
23675,0.1858675244941298,0.8646928207608435,-0.8600148164681278,0.0867123865553211,-1.182002062478015,0.1440158050144424,0
23826,0.123445128389395,0.10702315428865543,-0.8177619107343538,-0.41339335168698543,-5.017679910411842,0.2798205677733381,0
23893,0.12963269046227485,-0.20198691791335008,-0.8079655689362831,0.09235167272954997,-4.6120906298806785,0.14621405668762166,0
23926.000000000004,0.13506983753868426,-0.295548067636306,-0.7991791976532016,0.1647620326184488,-2.8351863552407752,0.2662536752448668,0
23960,0.13944381863688282,-0.37265732994620954,-0.785958325916178,0.1286465028882067,-2.2679194797032887,0.38884916873602915,0
23997,0.14314852058731495,-0.4446910467954895,-0.7682063524899369,0.10012707974140883,-1.9468572121427015,0.4797830655740846,0
24039,0.14809861538374172,-0.44609792127998027,-0.7522819255171742,0.11785939991492318,-0.033497011535494836,0.37915302316101523,0
24096,0.15811636335710744,-0.422123670698813,-0.7572921817260334,0.17574996444501254,0.4206008873888992,-0.0878992317343719,0
24126,0.16495255566260736,-0.3977061819950303,-0.753610132149509,0.2278730768499974,0.8139162901260915,0.12273498588414682,0
24158,0.1672061388875828,-0.3751484780570469,-0.7587963972698896,0.0704244757804822,0.7049282480619812,-0.16207078501189257,0
24191,0.14671698969091315,-0.32989238850790853,-0.7679914267906106,-0.620883308989989,1.3713966530041921,-0.27863725820366797,0
24225,0.15727614921306596,-0.11806832579925462,-0.7881726316315387,0.3105635153574354,6.2301194914309965,-0.5935648482625915,0
24260,0.15651836936430286,0.13453391774641282,-0.8028885680443794,-0.021650852821802898,7.217206958447641,-0.420455326081161,0
24297,0.1720687422087725,0.46925849212090737,-0.8121589889530493,0.42028034714782814,9.046610118229582,-0.25055191645053837,0
24335,0.18798214076836392,0.6037865594128121,-0.8186819668881231,0.4187736463050375,3.540212297155388,-0.17165731408089047,0
24377,0.20007676991959938,0.6850274951713305,-0.8195663065563021,0.2879673607437015,1.9343079942504386,-0.021055706385214853,0
24426.000000000004,0.20952994768133767,0.7187720801971981,-0.822631654151425,0.1929219951375018,0.6886650005278575,-0.06255811418617681,0
24483,0.2158585717777043,0.7228420989923636,-0.8256913205951032,0.11102849291871962,0.07140383851168093,-0.05367835866102389,0
24529,0.21853613910102893,0.7178397581171373,-0.8261507825117905,0.05820798528966602,-0.10874654076578978,-0.009988302536681119,0
24558,0.21985307471949528,0.7218373490939192,-0.8269447347150484,0.04541157305056388,0.1378479647166163,-0.027377662181304885,0
24591,0.2204413748097052,0.7149000911077171,-0.8231586075505599,0.01782727546090633,-0.21021993897581936,0.11473112619661972,0
24625,0.22158917617586055,0.7203455683657171,-0.825480480683871,0.03375886371045176,0.16016109582352736,-0.0682903862738563,0
24658,0.22187826068852157,0.7223445047593933,-0.8258969494330648,0.008760136747303629,0.06057383011140029,-0.01262026512708381,0
24691,0.2219354984236389,0.7178508369542402,-0.8241709852955657,0.0017344768217376861,-0.13617175167130408,0.052301943560580225,1
24725,0.22113479388305488,0.7126007948583505,-0.8199826549157669,-0.023550133546589268,-0.15441300282028678,0.12318618764113853,0
24758,0.2215229118852969,0.7129820247533981,-0.819921649456531,0.0117611515830919,0.011552421062049395,0.0018486502798766645,0
24794,0.21829903371000095,0.7044506016328009,-0.8341198916596186,-0.08955217153599883,-0.23698397557214396,-0.3943956167524342,0
24832,0.21388253122114315,0.6511358308427281,-0.8337949187298754,-0.11622374970678433,-1.4030202839492856,0.008551919203768573,0
24876,0.20684380442638792,0.4380944282995629,-0.8184190354597367,-0.1599710635171643,-4.841850057799209,0.34945189250315284,0
24931,0.18254840964708757,0.2040120779611965,-0.8213788638776177,-0.4417344505327335,-4.256042733424843,-0.05381506214329101,0
24973,0.17690441898362022,-0.021558300121256306,-0.8158842973217452,-0.134380730082556,-5.370723287677447,0.13082301323506068,0
24992,0.17771830509354172,-0.08374613039985838,-0.8164478907340855,0.04283611104850012,-3.273043698873794,-0.029662811175808285,0
25025.000000000004,0.17903598904960102,-0.13174930830701923,-0.8150341674200999,0.03992981685027745,-1.4546417547622894,0.04284010042380113,0
25058,0.18309714382968378,-0.18075131270737196,-0.8144643165868888,0.12306529636615782,-1.484909224253277,0.01726820706700644,0
25092,0.18726214387012796,-0.20676887478770334,-0.8144182203614945,0.12250000118953464,-0.7652224141273933,0.0013557713351267586,0
25125,0.19422586876225442,-0.2078956184002908,-0.813854996636926,0.21102196642807455,-0.03414374583598383,0.01706738559298539,0
25158,0.20743071256755227,-0.19261668000790394,-0.8085619537438852,0.4001467819787227,0.46299813310263227,0.16039523918305387,0
25192,0.21950153498188663,-0.18511853429351294,-0.7968370813333339,0.3550241886568927,0.2205336974820883,0.3448491885456268,0
25226,0.24148107660151932,-0.1649663219815668,-0.7883382817285022,0.6464571064597852,0.5927121268219452,0.24996469425975545,0
25263,0.27016474862830236,-0.14608413061984699,-0.7919286543721815,0.7752343791022444,0.5103294962626976,-0.09703709847782002,0
25292,0.2907405131717739,-0.13677792050330925,-0.799481330239981,0.7095091221886738,0.3209037971219908,-0.2604370988896382,0
25335,0.31069179244984085,-0.09959108350253465,-0.8201682485468353,0.46398323902481275,0.8648101628087118,-0.48109112341521676,0
25371.000000000004,0.32615148513695086,-0.052799135456892035,-0.838755385018089,0.4294359079752345,1.2997763346010522,-0.5163093464236603,0
25426.000000000004,0.36228877342307014,0.12042698215776149,-0.8855551419641181,0.6570416052021688,3.149565774811882,-0.8509046717459839,0
25458.000000000004,0.3798011921513693,0.26796761985295686,-0.8963242572868779,0.5472630852593492,4.610644927974856,-0.3365348538362442,0
25492,0.39750614568564,0.4918215904423502,-0.8990610349000725,0.5207339274786059,6.58394031145345,-0.08049345921161374,0
25525.000000000004,0.01027830533071466,0.5592880407242858,-0.9129437937919619,-11.73417698045099,2.044437887331158,-0.4206896633905412,0
25558,0.6737938174613715,0.6358636450779479,-1.0304812853086045,20.106530670628185,2.3204728592021366,-3.5617421671713814,0
25592.000000000004,0.15179391399771577,0.7898714009917961,-0.8905655702875652,-15.3529383371647,4.529639879818579,4.115168088853656,0
25631,0.2319974050230584,0.8629018565017627,-0.8777796124837366,2.056499769880772,1.8725757823070095,0.3278450718930723,0
25670,0.3120524839755557,0.8815332780614806,-0.8678693665118352,2.0526943321153146,0.47772875794148656,0.2541088710743943,0
25714.000000000004,0.36751216587147356,0.8786370053580319,-0.8615137142855647,1.260447315816211,-0.06582437962382913,0.14444664150613684,0
25765,0.368214540454677,0.7918300656231246,-0.8357949461344875,0.01377205065104874,-1.702096857547323,0.5042895715897852,0
25822,0.43726909111764783,0.7628711703658363,-0.8419440332222532,1.2114833449644007,-0.5080507939875147,-0.10787872083799538,1
25868.000000000004,0.4362878709203733,0.7952380754895294,-0.8374015616941891,-0.02133087385379255,0.7036283722541425,0.09874938104486361,0
25901,0.42374863161025256,0.7878849247465768,-0.8166787162025314,-0.37997694879157956,-0.22282274978646757,0.6279650148987876,0
25925,0.4204709455090348,0.8014449410333244,-0.8110962600381777,-0.1365702542174066,0.5650006786144848,0.2326023401814046,0
25959,0.4133132267829197,0.819207598835429,-0.8209831978946828,-0.21052113900338504,0.5224311118266064,-0.290792289897208,0
25992,0.41744359188439023,0.8138125764549606,-0.8142023108234506,0.12516257883244009,-0.16348552668086078,0.20548142640097405,0
26025.000000000004,0.41597310742067534,0.7601884582458696,-0.8162405825325652,-0.044560135264082784,-1.6249732790631868,-0.061765809367100015,0
26059,0.41892763561267626,0.6665122851923652,-0.8274189253313157,0.08689788800003657,-2.755181560397483,-0.32877478819857986,0
26092.000000000004,0.40657250024297226,0.5271711516856027,-0.8303158488653549,-0.37439804150614076,-4.222458591113549,-0.08778556163754345,0
26125,0.373874874573555,0.33409943351767024,-0.8189803051667649,-0.9908371414976018,-5.850658126301629,0.34350132419973556,0
26159,0.31732423344003563,0.20699607575892967,-0.817603995181416,-1.6632541509858638,-3.7383340517276635,0.040479705451437586,0
26195,0.24674255879670678,0.11196948567731424,-0.8171878615464371,-1.9606020734258014,-2.6396275022670954,0.011559267638303988,0
26235,0.19726769064836094,0.07511445583397901,-0.817989421272997,-1.236871703708646,-0.9213757460833808,-0.020038993163998264,0
26287,0.0610562656353042,0.01820106275489358,-0.8337697268628271,-2.6194504810203223,-1.0944883284439506,-0.30346741518904086,0
26342.000000000004,-0.08230898493866538,0.0072190410524303845,-0.8565808267330007,-2.6066409195265474,-0.19967312186295394,-0.41474727036676534,0
26368.000000000004,-0.14525582155258404,-0.0035948558137597645,-0.8451265958980507,-2.42103217745841,-0.4159191102380827,0.44054733980576954,0
26396,-0.18810567629425592,-0.008600407309943955,-0.8412646644626386,-1.530351955059909,-0.17876969629231576,0.1379261226933085,0
26426.000000000004,-0.2688345662743342,-0.019195162355437344,-0.8343065695854953,-2.690962999335617,-0.3531585015164035,0.23193649590474763,0
26459,-0.4091766340502537,0.008673930692706463,-0.8307074129280129,-4.252789932604089,0.844517971155966,0.10906535325705596,0
26492,-0.40305721777259756,0.039309169926458755,-0.8249063528328323,0.18543685689866996,0.9283405828409784,0.1757896998539562,0
26526,-0.49003949320643925,0.0626626907203026,-0.8173529868703562,-2.5583022186424023,0.686868258642466,0.2221578224257686,0
26562,-0.3965359221902057,0.1571223338946011,-0.7593526056133967,2.5973214171175982,2.623878977063847,1.6111217015822084,0
26601,-0.3341113221666148,0.25308078783788995,-0.7439522969788741,1.600630769835664,2.4604731780330478,0.39487970857750193,0
26643,-0.2833021087497412,0.5377423805447973,-0.7279943456751077,1.2097431765922289,6.777656969212079,0.37995122151824823,0
26689,-0.25837905147703766,0.6963538853613399,-0.7087381494461471,0.5418055928848599,3.4480761916639704,0.41861296149914295,0
26739,-0.2454292197881658,0.7705816851169816,-0.6951490981206583,0.2589966337774374,1.4845559951128329,0.2717810265097764,0
26791,-0.23843712145299628,0.7970112884000097,-0.6826470335363635,0.1344634295224905,0.5082616015966948,0.24042431892874644,0
26850,-0.23544071950109188,0.8066426671856798,-0.67961747742199,0.0507864737610915,0.16324370823169676,0.05134840871819491,0
26893,-0.23023318125397033,0.8045133421599187,-0.6831624975237504,0.1211055406307339,-0.04951918664560769,-0.082442327947916,0
26926.000000000004,-0.22651678561347516,0.7969760665578913,-0.682361915238508,0.11261804971196238,-0.22840229097049988,0.024260069249766397,0
26959,-0.22148981363221118,0.7945377788683148,-0.6801814501558221,0.15233248428074342,-0.07388750574475197,0.06607469947533694,0
26992,-0.21991692983950262,0.7931021680765892,-0.6781576046804599,0.0476631452335928,-0.04350335732501835,0.06132865076855038,0
27026,-0.21788073898511304,0.7916175775209956,-0.6766139831807904,0.059887966305575885,-0.043664428105693494,0.04540063234322289,0
27059,-0.2161778567036077,0.7890351404822836,-0.6775253116502792,0.051602493378949565,-0.0782556678397567,-0.02761601422693411,0
27092.000000000004,-0.21640952640984001,0.7877681977714376,-0.6762304706669506,-0.007020294128251121,-0.03839220335896673,0.03923760555540625,0
27126,-0.2171284531068847,0.7890951582756349,-0.6789847479640592,-0.021144902854257575,0.039028250123455316,-0.08100815579731843,1
27160,-0.21822526007276552,0.7900011009107568,-0.6782853725711048,-0.032259028408259574,0.02664537162123213,0.020569864498658625,0
27197,-0.22012145884043993,0.7639240791531603,-0.6771437186244413,-0.05124861534255167,-0.704784371826933,0.03085551207198472,0
27240.000000000004,-0.2151927875004039,0.6519138341815056,-0.6875996423118369,0.11462026372175826,-2.604889417945237,-0.24316101598592274,0
27287,-0.21434420943754653,0.542549651405761,-0.6884922923098076,0.018054852401222135,-2.326897505867088,-0.018992553148313676,0
27343,-0.22239700502886184,0.2502214836249912,-0.699158705200971,-0.14379992127348756,-5.220145853228031,-0.19047165877077563,0
27403.000000000004,-0.23616334647666923,0.04835303878847375,-0.728401862642735,-0.22943902413010925,-3.36447408060842,-0.4873859573627034,0
27460,-0.25027235673397813,-0.11464293096448243,-0.7414863423070452,-0.24752649574227725,-2.8595784167187124,-0.22955227481247528,0
27499.000000000004,-0.27712831108589786,-0.16138252620145105,-0.7447948720994111,-0.6886142141517237,-1.1984511599221606,-0.08483409724014195,0
27597,-0.30141071747854875,-0.1787967348947801,-0.7842437333510015,-0.24777965706787541,-0.17769600707479277,-0.40253940052644777,0
27628,-0.3120737792070961,-0.1932104365533896,-0.782023672260715,-0.3439697331789472,-0.46495811801966136,0.07161487388020954,0
27659,-0.3271860617872489,-0.20074277481172778,-0.7850058376613144,-0.48749298645654165,-0.24297865349478012,-0.09619888389030219,0
27693,-0.3311792146891798,-0.1902388586316487,-0.8016938177419692,-0.11744567358620348,0.30893871117879684,-0.4908229435486724,0
27726,-0.3695804422570945,-0.1751776148665616,-0.7928050725275683,-1.1636735626640817,0.45640132621475993,0.2693559155879082,0
27760,-0.391757745458737,-0.15488610675379524,-0.7902770266599367,-0.6522736235777195,0.5968090621401871,0.07435429022445754,0
27797,-0.5273379156198525,-0.11384483477922881,-0.7921403095200599,-3.664328923273394,1.109223566880174,-0.05035899621954489,0
27856,-0.41719736298615145,0.32396598523898734,-0.7199693416164392,1.8667890276898491,7.420522373190105,1.2232367441291636,0
27918,-0.33791859321863255,0.6132049491824131,-0.7151463178513721,1.2786898349599825,4.665144579732673,0.07779070588817998,0
27965,-0.2775225530851416,0.7128273458922798,-0.6894280234197379,1.2850221304998068,2.119625461912058,0.5471977538645575,0
27993.000000000004,-0.24795783434372065,0.7627772895647088,-0.6708693384439843,1.055882812193469,1.7839265597293754,0.662810177705397,0
28026,-0.2293210431085977,0.7974484303145359,-0.6519091585527598,0.564751249549243,1.0506406287827563,0.574550905794747,1
28059,-0.2056340347290643,0.8167721779426809,-0.6378501382671796,0.7177881327131329,0.5855681099437856,0.42603091774485297,0
28093,-0.20033570693866057,0.831631396443856,-0.6307195638058206,0.15583317030599217,0.4370358382698561,0.2097227782752649,0
28126,-0.19042497484197568,0.8404338318298522,-0.6239163245193469,0.3003252150510572,0.26674046624231007,0.20615876625678028,0
28160,-0.1861816999882759,0.8460216969198179,-0.6189595737843733,0.12480220157940496,0.16434897323428443,0.1457867863227527,0
28193,-0.1839257779383891,0.8495868372145224,-0.6169460033124151,0.06836127423899425,0.10803455438498669,0.061017287029035125,0
28228,-0.18114019527748648,0.8552425120024364,-0.6146725347438731,0.07958807602578911,0.16159070822611302,0.06495624481548706,0
28264,-0.17920211306083805,0.8601984810953606,-0.612073719880798,0.053835617129123034,0.13766580813678259,0.07218930175208657,0
28306,-0.1771678266570687,0.8652241056779164,-0.6129125798618604,0.04843539056593684,0.11965772815609149,-0.019972856691963775,0
28354,-0.17640398170435895,0.8671378962715789,-0.6130062991739261,0.015913436514786623,0.03987063736796831,-0.00195248566803539,0
28410,-0.18389439110845868,0.8614060982496885,-0.6165667179736329,-0.13375731078749517,-0.10235353610518551,-0.06357890713762161,0
28469,-0.1836344340548584,0.7930305627568871,-0.6378884319597949,0.00440605175593675,-1.1589073812339221,-0.3613849828163052,0
28515,-0.18729302327056277,0.6218181609350181,-0.6692752588163842,-0.0795345481674861,-3.7220087352580227,-0.6823223229693309,0
28536,-0.199115899731021,0.4693634655816949,-0.6944172099265985,-0.562994117164678,-7.259747397777294,-1.1972357671530633,0
28560.000000000004,-0.2077440993371711,0.35644104407332594,-0.7160042138750888,-0.3595083169228666,-4.705100896181327,-0.8994584978536276,0
28593,-0.20223383233368436,0.1816541022391239,-0.7361363711396607,0.16697778798446544,-5.296573994976404,-0.6100653716537597,0
28626,-0.21030350667877845,0.04815595311980756,-0.7582129754427298,-0.24453558621497246,-4.0453984581611016,-0.6689880091839129,0
28660,-0.22730758003407112,-0.03488270638742386,-0.75523088598126,-0.5001198045674313,-2.4423135149185713,0.08770851357264199,0
28693,-0.25049412516492137,-0.07564433639512035,-0.7626495226093623,-0.7026225797227348,-1.2352009093241358,-0.22480717054855365,0
28726,-0.2621004740236821,-0.10744372515563226,-0.7762642535274573,-0.3517075411745672,-0.9636178412276337,-0.41256760357863825,0
28760,-0.26725808144159774,-0.14044043015589508,-0.7806812896786165,-0.15169433582104866,-0.9704913235371416,-0.12991282797527004,0
28795,-0.2774440187817119,-0.1666643529492005,-0.7881027972726458,-0.2910267811461182,-0.7492549369515837,-0.2120430741151218,0
28826,-0.2928326850254699,-0.18122926199196665,-0.7872883711437468,-0.49640858850832287,-0.46983577557310124,0.026271810609642784,0
28860,-0.3039942921926881,-0.19917166161448974,-0.7877263840485571,-0.3282825637417118,-0.5277176359565613,-0.012882732494419702,0
28893,-0.3083142604177014,-0.18961280054099086,-0.7922689172011059,-0.13090812803070584,0.2896624567726932,-0.13765251977420673,0
28932.000000000004,-0.30894923010201447,-0.18166000575032304,-0.7983020904843763,-0.016281273956744415,0.20391781514530977,-0.15469675085307158,0
28974,-0.300473672059718,-0.15642461815343134,-0.8118319632779497,0.20179900100707687,0.6008425618308069,-0.32213982841844285,0
29011,-0.2892083692214831,-0.13704937226362066,-0.8147340202483666,0.304467644276619,0.5236552943192077,-0.07843397217342972,0
29040,-0.2729803595136898,-0.05507729710177712,-0.8120093930269174,0.5595865416480433,2.8266232814428807,0.09395266280859213,0
29062,-0.28619918894452734,0.016832971963214437,-0.8080195145414372,-0.6008558832198873,3.2686485938632526,0.18135811297637588,0
29093,-0.2713220563734,0.1722197932205233,-0.7869589070328736,0.4799075022944299,5.0124781050744796,0.679374435760114,0
29127,-0.25529700967354635,0.3367392188528037,-0.75195461234789,0.4713249029368724,4.838806636243541,1.0295380789701079,0
29160,-0.23279785719301582,0.5308376227584243,-0.7351196111946212,0.681792499410016,5.881769815321834,0.5101515500990529,0
29195,-0.20666799876575465,0.6997211543229103,-0.7224426674384016,0.7465673836360336,4.825243758985313,0.3621983930348468,0
29231,-0.1802807137436659,0.7756420681802619,-0.7059906935519344,0.7329801395024655,2.108914273815324,0.456999274624087,0
29269.000000000004,-0.1595022643382795,0.8172147976736899,-0.6875454449860083,0.5468013001416949,1.0940191971953674,0.48540127805064065,0
29311,-0.14446834097878097,0.8319864334440727,-0.6845122892134378,0.3579505561785672,0.3517056135805751,0.0722179945850199,0
29356,-0.13493829902339685,0.8447089623264817,-0.6676713122940965,0.21177871011964716,0.28272286405353314,0.3742439315409173,0
29403.000000000004,-0.13491454372270617,0.8491866561952516,-0.6663557622219823,0.0005054319295889182,0.09527008231424451,0.027990427066256273,0
29455.000000000004,-0.13651730265133485,0.8481247567118618,-0.6578297682515657,-0.030822287089013148,-0.020421143911341345,0.16396142250801243,0
29509,-0.13546657541357832,0.8594496826967521,-0.6505679221199275,0.01945791181030757,0.2097208515720571,0.13447863206738242,0
29564,-0.13186641810460087,0.8655677792125697,-0.6417802841812712,0.06545740561777177,0.1112381184694094,0.15977523524829698,0
29621.000000000004,-0.12891772330744547,0.8730809756427929,-0.638303865414621,0.05173148766938966,0.13181046368811772,0.06098980292368328,1
29675,-0.13819302674324968,0.7978479731756065,-0.6529472840711238,-0.1717648784408303,-1.3932037493924334,-0.2711744195648842,0
29730,-0.14544651915275922,0.629840233133207,-0.6831436221899889,-0.1318816801729007,-3.0546861825890814,-0.5490243294339114,0
29787,-0.15601520417647338,0.39882968519818607,-0.7284043681673743,-0.18541552673182743,-4.052816630438964,-0.7940481750418489,0
29844,-0.1667111329266521,0.17087654150174084,-0.7556027789442233,-0.18764787281015294,-3.9991779595867585,-0.4771651013482287,0
29905,-0.20320977812342444,-0.050628505254609754,-0.7553261359437567,-0.598338445848727,-3.6312302746942717,0.004535131155190034,0
29942,-0.2565270446683823,-0.12107547985520208,-0.7628247772777081,-1.4410072039177793,-1.9039722865024953,-0.20266598199868635,0
29982,-0.28978847484008824,-0.17269040602156602,-0.767700775107045,-0.831535754292649,-1.2903731541590986,-0.12189994573342244,0
30021,-0.32636903358909886,-0.20831779296239541,-0.7670330398122145,-0.9379630448464261,-0.9135227420725487,0.017121417816167987,0
30063.000000000004,-0.3588014561275019,-0.2414147262547148,-0.7761120127230061,-0.7722005366285773,-0.7880222212456314,-0.2161660216854962,0
30101,-0.3939139591341693,-0.24189044474620477,-0.7783768152921624,-0.9240132370176517,-0.01251890767078998,-0.0596000676093817,0
30139,-0.40241139938593246,-0.2393154319475853,-0.783020329122295,-0.22361684873060877,0.06776349470051221,-0.12219773237191099,0
30179.000000000004,-0.42473143355018694,-0.23203129057529137,-0.7844699018051644,-0.5580008541063115,0.18210353430733192,-0.03623931707173126,0
30224,-0.41891194309731017,-0.22056370945420262,-0.7854074066552433,0.12932201006393879,0.25483513602421515,-0.020833441112866787,0
30264,-0.40914849604219955,-0.21061436938240558,-0.7956813189093905,0.24408617637776547,0.24873350179492604,-0.25684780635368,0
30305,-0.3810746490702216,-0.1840508905130974,-0.7995079618320463,0.6847279749262916,0.6478897285197117,-0.09333275421111649,0
30361,-0.35085678653096414,0.09399240867693387,-0.8040169251529311,0.539604688201026,4.965058914107701,-0.08051720215865707,0
30418,-0.3250621044889087,0.473017177648525,-0.7714916510230599,0.45253828143956887,6.6495573503787915,0.5706188443837046,0
30477,-0.28618399447022463,0.664416111760903,-0.7403597322757889,0.6589510172658318,3.2440497307182707,0.5276596397842552,0
30524,-0.25415645080171395,0.7512913442733051,-0.7142624786426367,0.6814370993300145,1.848409202391535,0.5552607155989826,0
30571,-0.22877182238035085,0.7914398455487303,-0.6865702241573687,0.5400984770502788,0.8542234313920241,0.5891969039418727,0
30618.000000000004,-0.20782376838383587,0.8085616520799943,-0.670320329561348,0.4457032765215608,0.3642937559843133,0.34574243821317885,0
30667,-0.19278387537951178,0.8154861678824675,-0.6563862028796151,0.30693659192500433,0.14131664903007618,0.28436993228028407,0
30714.000000000004,-0.18597256050381195,0.8165960660531341,-0.6481579115351016,0.1449215930999852,0.023614854695030822,0.17507002860665724,1
30767,-0.19028040132041438,0.8289540239271277,-0.6487706730839754,-0.08128001540759863,0.23316901649046184,-0.011561538657996962,0
30821,-0.18460673654799564,0.8292669822492458,-0.6387063820556353,0.1050678661559025,0.005795524483668228,0.1863757597840751,0
30878,-0.18809854771545903,0.8299675727955688,-0.6332174491830191,-0.061259845043217326,0.012291062216192767,0.09629706794063514,0
30945,-0.18951484864677157,0.7023384658639923,-0.6455388196519534,-0.02113881987033636,-1.9049120437548726,-0.18390105177513766,0
31004,-0.1916491335682124,0.5564489372817402,-0.6600761613744163,-0.036174320702386895,-2.4727038742754597,-0.2463956224146255,0
31059,-0.1879701398024633,0.25148061777149283,-0.6778397733684413,0.06689079574089263,-5.544878536549952,-0.322974763527727,0
31115.000000000004,-0.18937170604870354,-0.010344968006362877,-0.722894078595628,-0.025027968682859864,-4.675456888889976,-0.8045411647711403,0
31173,-0.17906024780106802,-0.2251225553386837,-0.7488086791978177,0.17778376289027872,-3.703061850557488,-0.44680345865847015,0
31220.000000000004,-0.15989481371133057,-0.3037271748344034,-0.7637293915633636,0.40777519339863755,-1.6724387126747584,-0.31746196522435693,0
31266,-0.14008126700994292,-0.3471229851217318,-0.7828818970582008,0.43072927611715706,-0.9433871801593868,-0.4163588151051885,0
31312,-0.11454655580508268,-0.35780415802804005,-0.8032376419845044,0.5551024174969618,-0.23219941100670147,-0.4425161940500794,0
31357,-0.12284838974520756,-0.3380856495142267,-0.802054072436422,-0.184485198669442,0.4381890780847411,0.026301545512942406,0
31401,-0.1015104648902854,-0.3127498055596156,-0.7962349426100845,0.4849528376118675,0.5758146353320701,0.13225295059857903,0
31445,-0.10064271232977491,-0.3324947883574283,-0.7823441167827524,0.019721649102511018,-0.4487496090411971,0.31570058698482145,0
31499.000000000004,-0.10134510086308147,-0.33606736964115397,-0.7747710302895798,-0.013007195061231788,-0.06615891266158208,0.14024234246614917,0
31552,-0.10033649950526755,-0.33435182614887493,-0.7878188850659231,0.019030214298377326,0.03236874513734254,-0.24618593917630543,0
31612.000000000004,-0.09043288992184724,-0.2619482677809042,-0.8210075997406094,0.16506015972366175,1.2067259727994393,-0.5531452445780717,0
31673,-0.09213322520243634,-0.2083985466316785,-0.8286871069660627,-0.027874348862118134,0.8778642811348996,-0.1258935610730124,0
31732,-0.09692199469959828,-0.1583504985523825,-0.8425043058732078,-0.08116558469765991,0.848272001344,-0.23418981198550945,0
31796,-0.09249509206030807,-0.13752111759929606,-0.8437620503023336,0.0691703537389096,0.3254590773919758,-0.019652256705091423,0
31832,-0.08958140368831717,-0.11003633066652935,-0.8461302288015214,0.08093578811085818,0.7634663036879642,-0.06578273608855002,0
31861,-0.0854145315943435,-0.08537424809771904,-0.8492904946607464,0.14368524461978152,0.8504166403038036,-0.10897468480085892,0
31894.000000000004,-0.07802350738091468,-0.05571430735100631,-0.8522675210921377,0.22397043070993974,0.89878608323362,-0.09021292216336295,0
31928,-0.07139821692909393,-0.01644316648345073,-0.8533876761652307,0.19486148387710184,1.155033554928229,-0.03294573744391656,0
31961.000000000004,-0.06775765114693505,0.029002126627434288,-0.853694339882667,0.11032017521692353,1.3771300942690912,-0.009292839922309941,0
31994,-0.059172976514031944,0.08516916960118738,-0.8540695045130315,0.26014165554254703,1.702031605265433,-0.011368625162564202,0
32028,-0.052275247519476174,0.12969716888998833,-0.8489902902485496,0.20287438219281675,1.3096470379059104,0.14938865483770558,0
32061,-0.03914820932521534,0.17004482592605533,-0.8410423374065127,0.39778903618972233,1.2226562738202118,0.24084705581929894,0
32094,-0.045865721402509975,0.21077687123871422,-0.840156717557118,-0.20356097203923143,1.234304403413906,0.026836965133173494,0
32131.999999999996,-0.05966661852122084,0.27035683725610127,-0.8287592207952247,-0.36318150312400493,1.5678938425629672,0.29993412531300967,0
32172.000000000004,-0.0738867117674215,0.3700615515805467,-0.8122556196151682,-0.35550233115495167,2.492617858110683,0.4125900295013362,0
32221.000000000004,-0.08418471921476657,0.5005417381842536,-0.7967903655326964,-0.21016341729275664,2.6628609510960595,0.3156174302545263,0
32274,-0.0929498121966789,0.6541303570865186,-0.7656593001691763,-0.16537911286628176,2.8978984698542543,0.5873785917645719,0
32305.999999999996,-0.09088553512660924,0.7611373352491193,-0.7595081069786905,0.06450865843968426,3.343968067581653,0.19222478720270114,0
32336,-0.0841086547207497,0.8236290781312687,-0.747849907558738,0.22589601352862393,2.0830580960713947,0.3886066473317028,0
32363.999999999996,-0.08538610566755739,0.8663936797022146,-0.7395736305505942,-0.04562324810028047,1.5273071989625506,0.29558132171946044,0
32395.000000000004,-0.07814076152627175,0.9194530877409527,-0.7403495468692379,0.23372077875109473,1.7115938077008273,-0.02502955866592026,0
32427.999999999996,-0.07129600429078574,0.9487630878034934,-0.7311698147185198,0.2074168859238643,0.8881818200771867,0.27817370153697346,0
32461,-0.06291160251371906,0.9682387502523617,-0.7250506246450005,0.2540727811232046,0.5901715893595815,0.18543000222783876,0
32497,-0.058237297254047866,0.9797344202419945,-0.721811626523335,0.1298418127686444,0.3193241663786891,0.08997217004626401,0
32533,-0.05172512493305596,0.9914758556900853,-0.7228511414133918,0.18089367558310843,0.3261509846691892,-0.02887541361268959,0
32572.000000000004,-0.04578719265325953,0.9834317383768121,-0.7182885164518139,0.15225467384092006,-0.20625941828903865,0.11699038363019135,0
32613.999999999996,-0.04085670027454668,0.9831530506246616,-0.7117693636697211,0.11739267568365956,-0.006635422670250024,0.15521792338318896,0
32669.000000000004,-0.04045415634756782,0.9840343259739852,-0.7103691319965821,0.007318980490523758,0.016023188169517602,0.02545875769343232,0
32723,-0.038496832575616875,0.9796140737524381,-0.7057471628038632,0.036246736517612524,-0.08185652262124758,0.08559202208739383,0
32750.999999999996,-0.035686548007196776,0.9794792216616507,-0.7009944320197815,0.10036730601501657,-0.004816146099552474,0.16974038514579604,0
32779,-0.034744718420057545,0.9790555361070512,-0.699953627635428,0.03363677096925389,-0.015131626949979621,0.037171585155477305,1
32806,-0.03490786442775439,0.9649201885298915,-0.6997524369048775,-0.0060424447295128175,-0.5235313917466566,0.007451508538906341,0
32835,-0.04622012795949266,0.9499657960910873,-0.7030119869821636,-0.39007805281856095,-0.5156687047863497,-0.11239827852710574,0
32864,-0.05352611240644628,0.9420877888306394,-0.7118016065426223,-0.25193049817081453,-0.2716554227740676,-0.3030903296709879,0
32895,-0.06644189859165754,0.9059258771794874,-0.7252399623168636,-0.41663826403907295,-1.1665132790694197,-0.4334953475561726,0
32932,-0.07542125078646462,0.7731989025707815,-0.7394097030479454,-0.2426851944542455,-3.5872155299650235,-0.3829659657049133,0
32966,-0.07675369957564288,0.6231246847018674,-0.7453320850509861,-0.03918967026994854,-4.413947584379825,-0.1741877059717864,0
33002,-0.07103833051048357,0.4744532146034817,-0.7568257939592468,0.15876025180998074,-4.129763058288493,-0.31926969189612847,0
33042,-0.06924958654498857,0.3417002120261549,-0.7662451770485537,0.04471859913737497,-3.3188250644331703,-0.23548457723267247,0
33083,-0.05992617610517869,0.2348947165610649,-0.7763222694937336,0.22740025462950927,-2.6050120845143905,-0.24578274256536484,0
33129,-0.07873823377035948,0.15886421919948318,-0.7826844131165005,-0.4089577753300171,-1.65283689916482,-0.13830747006014957,0
33182,-0.08332979877225705,0.04992681097736652,-0.7870586966332888,-0.08663330192259569,-2.0554227966437106,-0.08253365126015581,0
33242,-0.07981445570594402,-0.05418723937039172,-0.7946188273583792,0.058589051105217144,-1.7352341724626377,-0.12600217875150718,0
33292,-0.07332079866976152,-0.10971069801754758,-0.7936768091634012,0.12987314072365003,-1.110469172943117,0.018840363899559343,0
33346,-0.07148722497364908,-0.1561648089038289,-0.786808101418874,0.033955068446526605,-0.860261312708913,0.12719829156531837,0
33402,-0.06726270154942245,-0.18289970289854396,-0.7887362676448672,0.07543791828976132,-0.47740882133419765,-0.03443153974987718,0
33460,-0.07497480734475398,-0.15104548904254372,-0.7933840434442031,-0.13296734129881954,0.549210583724142,-0.08013406550579226,0
33519,-0.11402915515684957,-0.07747629087219583,-0.7881021044019988,-0.6619380985100948,1.2469355622092864,0.08952439054583575,0
33583,-0.09376333007197725,0.05063833734665801,-0.8220311867350228,0.31665351695113,2.001791065919591,-0.5301419114535008,0
33617,-0.08546052920224396,0.13949789803436904,-0.8130758187668371,0.2442000255803907,2.61351649081503,0.26339317553487485,0
33638,-0.08323277478849106,0.23151713404661362,-0.8138487132647232,0.1060835435120431,4.3818683815354555,-0.0368044998993376,0
33662,-0.08024854652058269,0.31610801067175615,-0.8033451219664832,0.12434284449618198,3.524619859380939,0.4376496374266653,0
33695,-0.07682552710487957,0.5085740053204904,-0.8047480152067826,0.10372786108191284,5.8323028681434606,-0.04251191637270932,0
33729,-0.06749036458102367,0.7335062303442063,-0.7920141430756673,0.2745636036428205,6.6156536771681145,0.37452565091515644,0
33762,-0.05726803539494584,0.8771343899057444,-0.7810474089045034,0.30976755109326753,4.352368471561763,0.3323252779140574,0
33795,-0.04295772274263509,0.9691455356925325,-0.7688093324707111,0.4336458379488107,2.7882165389935767,0.3708508010240081,0
33829,-0.031091523577073947,0.9948470269429696,-0.7520641128096237,0.3490058578106218,0.7559262132481493,0.4925064606202188,0
33862,-0.02030659280101734,1.005080585802894,-0.7462175032863687,0.32681608412292745,0.3101078442401329,0.17716998555318172,0
33898,-0.014108767500581862,1.0051043312226862,-0.7379731729447108,0.17216181390098553,0.0006595949942283458,0.22900917615716518,0
33940,-0.007003710535420653,1.0069592579261581,-0.7359490879890641,0.16916802298002878,0.04416492151123766,0.04819249894396796,0
33986.00000000001,-0.001024181643477613,1.0106254189077049,-0.7404876995541514,0.1299897585204803,0.07969915177274188,-0.09866546880622962,0
34028,0.0034252838951803984,1.0107660627961776,-0.7380979817625795,0.10593965568235197,0.003348664011257513,0.05689804265648444,0
34051,0.0050317966934615614,1.0120357259913848,-0.738421808387245,0.06984838253396361,0.05520274761770262,-0.014079418463720373,0
34079,0.009668328150244496,1.0110296599121675,-0.7394282477070313,0.16559040917081908,-0.03593093140061684,-0.035944261420938525,0
34100,0.014424218142729043,1.0106669716241963,-0.7385666035893207,0.22647095202307366,-0.01727087085577418,0.041030672271933986,0
34129,0.016410085382396685,1.008308992451443,-0.7328475636734295,0.06847818067819456,-0.08130962664666434,0.19720827296176474,1
34162,0.017289359248514206,1.005309432691862,-0.7269386397178688,0.026644662609621856,-0.09089575029033652,0.17905830168365913,0
34195,0.01808331482991824,0.9972870936605709,-0.7259617083075084,0.024059260042546514,-0.24310118276639436,0.029603982132132455,0
34229,0.010716547931893956,0.9796227781143846,-0.7340011735703501,-0.2166696146477731,-0.5195386925348913,-0.23645486067181518,0
34262,-0.0026006904203760327,0.9262725817398078,-0.7402302218509961,-0.40355267734151484,-1.616672617411419,-0.1887590388074535,0
34295,-0.010318609004910564,0.8104834588021415,-0.7386744586789146,-0.23387632074347064,-3.5087613011414027,0.047144338547924346,0
34330,-0.015960771551247414,0.6218109528819412,-0.7412767374458725,-0.16120464418105285,-5.390643026291435,-0.07435082191308443,0
34367,-0.01952966884766438,0.4209519428736924,-0.744330902039701,-0.09645668368694502,-5.428621892114832,-0.08254498902239073,0
34414,-0.014022260084696233,0.26130078667814466,-0.7264355883545254,0.1171789098503861,-3.3968331105435694,0.3807513550037363,0
34470,-0.02839578231104638,0.10902699505758673,-0.73059741385388,-0.25667003975625263,-2.719174850367106,-0.07431831248847537,0
34512,0.015022188277729134,0.008021297760929583,-0.7217006999601683,1.0337612044946551,-2.404897554682313,0.21182652127885038,0
34535.00000000001,0.1055183141184442,-0.020179440849148213,-0.710671700336013,3.934614166986367,-1.2261190700029947,0.47952172278920774,0
34562,0.15028031231449726,-0.03318917921592304,-0.6979061369428623,1.657851785039449,-0.4818421617325309,0.47279864419089457,0
34596,0.22942186747200216,-0.02589974591343695,-0.675945578526476,2.327692798750144,0.2143950971319439,0.6458987769525392,0
34629,0.2844064044430781,-0.03184715356534265,-0.6716105275402307,1.6661980900326034,-0.18022447430017277,0.13136518140137315,0
34662,0.3396265856941377,-0.05247804398895,-0.6724370827137977,1.6733388257896846,-0.6251784976850712,-0.025047126471727292,0
34696,0.38497313364917407,-0.06454166599613119,-0.6782994017577435,1.333721998677541,-0.3548124119759173,-0.17242114835134856,0
34729,0.4329237329837312,-0.03755126709500888,-0.6862315904107735,1.4530484646835498,0.817890875791585,-0.240369353122122,0
34766,0.4953581714411232,-0.005214862107914046,-0.6977170819920339,1.6874172556051892,0.8739568915431037,-0.3104186913854144,0
34803,0.5363754072367941,0.017137501509987964,-0.7165455574352169,1.108573940423538,0.6041179356189733,-0.5088777146806217,0
34834,0.5013886166537985,0.02958946772744353,-0.7271223664178449,-1.1286061478385674,0.40167632959534083,-0.34118738653638797,0
34869,0.5198753124073755,0.021662879974383764,-0.7304904204081769,0.5281913072450564,-0.22647393580170758,-0.09623011400948629,0
34926,0.5658701521244083,0.05001534629319595,-0.7308408359081259,0.8069270125795224,0.4974116898037225,-0.006147640349981823,0
34950,0.5526394287333635,0.05263765564414087,-0.736264105906551,-0.5512801412935336,0.10926288962270508,-0.2259695832677137,0
34979,0.5631713105619842,0.06117637905660997,-0.7516449365886768,0.3631683389179568,0.29443873836100337,-0.5303734717974418,0
35002,0.5632813254669607,0.08632978318684696,-0.7634994291549064,0.00478325673810999,1.093626266532043,-0.5154127202708527,0
35032,0.5454391020324069,0.1240847140366791,-0.7634558277754424,-0.5947407811517962,1.2584976949944047,0.001453379315467333,0
35063,0.5483072357583474,0.161500797370559,-0.7695184465660608,0.092520442772275,1.206970430125158,-0.19556834808446527,0
35096,0.5533609839572469,0.22591301945114636,-0.7804173830095059,0.15314388481513566,1.9518855175935563,-0.3302708013165177,0
35139,0.6041542919373211,0.16916471622976637,-0.7309170786309562,1.181239720466842,-1.3197279818925582,1.1511698692685974,0
35168,0.5334991466215423,0.31027422826497136,-0.7854966084156606,-2.4363843212337506,4.865845242593275,-1.8820527511967025,0
35209,0.5330026664191224,0.3535673908718259,-0.7909397054167265,-0.01210927322975317,1.0559307952891357,-0.1327584634406325,0
35240,0.5344825751242902,0.376226998940461,-0.7821465311270962,0.04773899048928346,0.7309550989882289,0.2836507835364624,0
35270,0.5186023898034783,0.4057103491377904,-0.7781077763781443,-0.5293395106937309,0.9827783399109798,0.13462515829839594,0
35302,0.5090095554765792,0.42863830867580943,-0.7763684540866527,-0.29977607271559553,0.7164987355630942,0.05435382160911412,0
35339,0.5181722406099152,0.45623441051291447,-0.7724449379354428,0.24764013873880966,0.7458405901920281,0.10604097705972686,0
35399,0.5378563236197217,0.4755049807621877,-0.7630515098905546,0.3280680501634418,0.32117617082122096,0.15655713408146976,0
35447,0.5457219621447678,0.4984030033043644,-0.7600408947046238,0.16386746927179313,0.477042136295347,0.06272114970689209,0
35488,0.550289280530695,0.5184500787595778,-0.7531151227955599,0.1113980094128604,0.4889530598832548,0.16892126607472802,0
35529,0.5550937365516656,0.5566614114391004,-0.7438211741336593,0.11718185417001392,0.9319837238907949,0.2266816746805021,0
35573,0.53647108111182,0.6242065108911415,-0.7463200979925625,-0.4232421690874011,1.5351158966372984,-0.05679372406598084,0
35613,0.5326941851201875,0.770274187139902,-0.7296958359001732,-0.09442239979081113,3.6516919062190123,0.415606552309733,0
35655,0.5268252754981841,0.8611444217464976,-0.7123575242015492,-0.13973594338103262,2.1635770144427524,0.412816945205333,0
35695,0.5149149109837838,0.8962745286466017,-0.7140108919563507,-0.29775911286000767,0.8782526725026024,-0.041334193870037894,0
35736.00000000001,0.5132118466029342,0.9268667226947024,-0.7247498990113448,-0.04153815563047218,0.7461510743437859,-0.2619270013412727,0
35779,0.508711577254532,0.9374843597669629,-0.7168883217898702,-0.10465742670704554,0.24692179237819267,0.18282737724362685,0
35807,0.5076659499332521,0.9366850949073979,-0.7093102942107823,-0.037343832902853036,-0.02854517355589075,0.27064384211028125,0
35830,0.5047690342526477,0.9319129688612369,-0.7038920028798074,-0.12595285567845002,-0.2074837411374375,0.2355778839554319,1
35863,0.4897361870168912,0.8966335174296481,-0.7034389492880746,-0.4555408253259558,-1.069074285805719,0.013728896719174391,0
35896,0.4768059491394096,0.8673829495899924,-0.7038392596625193,-0.3918253902267151,-0.8863808436259314,-0.012130617407413842,0
35930,0.4589330231155936,0.8493949191465219,-0.7088481599630843,-0.5256742948181181,-0.5290597189256037,-0.14732059707544118,0
35963,0.46018646953141246,0.8431661091618907,-0.7094471152442445,0.03798322472178396,-0.18875181771609564,-0.018150160035159815,0
35996,0.4518243490859705,0.8270599121649893,-0.7174062658568515,-0.2533975892558162,-0.4880665756636791,-0.24118638220021185,0
36030,0.4654360564268049,0.8198937798616917,-0.7136837722061188,0.4003443335539526,-0.21076859715581342,0.10948510737449231,0
36063,0.4398885054529421,0.7932400210731048,-0.7066210122626124,-0.7741682113291757,-0.8076896602602087,0.21402302859110175,0
36096,0.43242100438309294,0.7597696423553427,-0.6971144011887097,-0.22628791120755057,-1.0142539005382436,0.2880791234515974,0
36136,0.4065613204386335,0.7055051935166063,-0.6855108035656222,-0.6464920986114855,-1.3566112209684094,0.2900899405771873,0
36175.00000000001,0.3693230655624556,0.6711852518927441,-0.6751521660477541,-0.9548270481069483,-0.8799985031757898,0.2656060902016976,0
36196,0.37169635275939356,0.6703311369836064,-0.6652894422431023,0.11301367604470429,-0.04067213853038466,0.4696535145073917,0
36230.00000000001,0.33741823331898485,0.6614710783189578,-0.6529154347183531,-1.0081799835412169,-0.260589960724902,0.36394139778666196,0
36263,0.3317060332498272,0.6473620924541936,-0.6384194479750879,-0.17309697179269345,-0.42754502620506907,0.4392723255535891,0
36296,0.35910950211073567,0.6566182163162246,-0.6205949981411354,0.8304081473002558,0.28048860187972746,0.5401348434531055,0
36330,0.37941647235013237,0.6497093575747125,-0.640483934876578,0.5972638305704913,-0.20320172769153372,-0.5849687275130165,0
36369,0.4183195100549173,0.6259222680760137,-0.6436407565877398,0.9975137873021775,-0.6099253717615074,-0.08094414644004687,0
36401,0.4537959791740954,0.5946824290049223,-0.6443920485996353,1.1086396599743162,-0.9762449709716063,-0.023477875371734347,0
36453,0.4946215562866656,0.5738258750313923,-0.6512268586805945,0.7851072521648111,-0.40108757641403914,-0.1314386554030617,0
36508,0.674994419304009,0.36264147823096426,-0.6645010761902075,3.2795066003153357,-3.839716305462327,-0.24134940926569082,0
36535.00000000001,0.740606638972974,0.2700910276401297,-0.6635975284960569,2.4300822099610087,-3.427794466326282,0.033464729412975236,0
36563,0.6870280586636385,0.18495414730440324,-0.6752168621291113,-1.9135207253339075,-3.0406028691338784,-0.41497620118062,0
36596,0.646610333953386,0.13001134719805849,-0.7119190061225046,-1.2247795366743184,-1.6649333365559016,-1.1121861816179797,0
36630,0.5926800832637352,0.137689507955246,-0.7075506583124516,-1.586183843813257,0.22582825756433894,0.12848081794273586,0
36663.00000000001,0.602192892382835,0.10601505045709654,-0.7017364645240981,0.2882669430029606,-0.9598320453982572,0.17618769055612665,0
36701,0.6426898420266554,0.10538633281694153,-0.6910541674385932,1.0657092011533706,-0.01654520105671404,0.2811130811975523,0
36731,0.655805799004573,0.09378578866059324,-0.6797867518941401,0.4371985659305892,-0.38668480521160953,0.37558051814843657,0
36763,0.6777796382980634,0.0953623686977074,-0.6800235448499335,0.6866824779215748,0.04926812615981728,-0.0073997798685464244,0
36813,0.7090219155105066,0.10712811938014916,-0.6580189142126838,0.6248455442488643,0.23531501364883523,0.44009261274499556,0
36859,0.7290678656722532,0.12997852979946115,-0.6463426567613759,0.4357815252553608,0.4967480525937389,0.25383168372408366,0
36897,0.7207637343379547,0.14380594463242038,-0.6445325103803562,-0.21852977195522436,0.3638793377094537,0.047635431079466536,0
36930,0.7189952378482354,0.16841205740323806,-0.6296915371961239,-0.05359080271876754,0.7456397809338688,0.44972646012825074,0
36963,0.7107361708068856,0.18749020918359263,-0.6129472497563374,-0.2502747588287825,0.5781258115258961,0.5074026496905003,0
36997,0.7042942135998567,0.20689055327439196,-0.6118119719446515,-0.18946932961849683,0.5705983556117449,0.033390523873113975,0
37030,0.6983043024157644,0.23239544699018427,-0.6125859251342737,-0.18151246012400943,0.7728755671452217,-0.023453126958246823,0
37063,0.6952918464109047,0.26805039576130846,-0.6144007320586565,-0.09128654560180802,1.0804529930643691,-0.05499414922372273,0
37097,0.6879743871091873,0.31207707990498434,-0.6125640776268465,-0.2152193912269807,1.2949024748139966,0.0540192479944125,0
37134,0.6675039514668567,0.405289186188385,-0.6034376032945461,-0.5532550173602877,2.519246115767585,0.2466614684405515,0
37173,0.6116686836565295,0.4769255520237403,-0.6156696106736769,-1.4316735335981337,1.836829893214239,-0.31364121484950697,0
37212,0.5267850498664939,0.5160076792983793,-0.6243478431837296,-2.1765034305137334,1.0021058275548462,-0.22251878230904437,0
37234,0.5026591830991249,0.5536613142321372,-0.6197361223664245,-1.0966303076076793,1.7115288606253565,0.20962367351386813,0
37263,0.47661460932462435,0.6036949862822278,-0.62697935595238,-0.8980887508448478,1.7252990362100236,-0.2497666753777747,0
37297.00000000001,0.45885731610311886,0.6216393996357176,-0.6321995032628213,-0.5222733300441673,0.5277768633378204,-0.15353374442471104,0
37330,0.4484089496797494,0.6234170224597699,-0.6306621918968998,-0.31661716434459825,0.05386735830462887,0.046585192906722424,0
37363,0.4516834260769543,0.6484911447624326,-0.6423713618385621,0.09922655749105608,0.7598218879594759,-0.3548233315655266,0
37397,0.43946442328932206,0.6788999590043032,-0.642495350510557,-0.35938243493035926,0.8943768894667818,-0.003646725646906248,0
37430,0.4400201230709045,0.7183065300232934,-0.6240200211245069,0.016839387320679713,1.194138515726974,0.5598584662439396,0
37463,0.4021436417968883,0.7593634218362715,-0.6193942993208922,-1.1477721598186732,1.2441482367569126,0.140173387988326,0
37504,0.3794222180415031,0.8194721872913767,-0.6320121473121838,-0.5541810672045161,1.466067450124518,-0.3077523900315029,0
37540,0.36800173834760935,0.8531729447535482,-0.6414099629484219,-0.3172355470526044,0.936132151726986,-0.26105043433994707,0
37564,0.3740020496115441,0.891964419888973,-0.6270407301353033,0.2500129693306143,1.6163114639760334,0.5987180338799433,0
37597,0.36596224673075356,0.9195918673402438,-0.6146652745255355,-0.24363039032698594,0.8371953773112354,0.3750138063565974,0
37630,0.3734705695568078,0.9776568832750954,-0.6294786966207063,0.22752493412285565,1.7595459374197449,-0.4488915786415388,0
37664,0.3818009838452165,1.032418965246106,-0.647969171681101,0.24501218495319688,1.6106494697356064,-0.5438375017763145,0
37697,0.37630669586046256,1.0380451640171113,-0.647073683802277,-0.16649357529557368,0.17049087184864672,0.02713599632799958,0
37730.00000000001,0.36657684353553555,1.019606458931196,-0.6610785239544216,-0.2948440098462081,-0.5587486389670098,-0.4243890955194379,0
37768,0.3445504807361329,1.0360398485554645,-0.6349664866876314,-0.5796411263001799,0.4324576216913603,0.6871588754419768,0
37805,0.3488259193534053,1.038354715114771,-0.6060741121178781,0.11555239506141526,0.06256396106233679,0.7808749883717123,0
37841,0.3387456884504298,1.0350891394021828,-0.6055184040195668,-0.2800064139715416,-0.09071043646078113,0.015436336064202546,0
37864.00000000001,0.33495042395373836,1.0437442195525215,-0.6055547898117495,-0.16501149985609698,0.3763078326233013,-0.0015819909644638672,0
37897,0.3273477893442851,1.0471929758609813,-0.6050749804435416,-0.23038286695317997,0.10450776692304592,0.014539677824485215,0
37931,0.3258218119241611,1.066763329840952,-0.6142668165604253,-0.04488168882717655,0.575598646469728,-0.27034812108481404,0
37964,0.321663413171947,1.0731527369951779,-0.6165029474088825,-0.12601208340042655,0.19361839861290508,-0.06776154086233928,0
37997,0.3225319866127003,1.0944350559775904,-0.6263338815488669,0.026320407295554737,0.6449187570428032,-0.2979070951510449,0
38031,0.31666866127430465,1.0896670993052564,-0.6307476326906983,-0.1724507452469316,-0.14023401977452893,-0.12981621005386473,1
38065,0.31366840003106383,1.0921105729382035,-0.6393115746406786,-0.08824297774237706,0.07186687155726638,-0.25188064558765366,0
38101,0.3211461180437872,1.0843442094486617,-0.6482112384104174,0.20771438924231514,-0.2157323191539372,-0.2472128824927453,0
38151,0.3443125578845649,1.0684514979169102,-0.6450102830389354,0.46332879681555417,-0.3178542306350307,0.06401910742964034,0
38182,0.35756289095691723,1.0338401792810432,-0.6346430224348185,0.4274300991081403,-1.1164941495440959,0.3344277614231244,0
38200,0.3793143929199362,0.9756327517015307,-0.6311385159829203,1.208416775723275,-3.233745976639582,0.19469480288323665,0
38231,0.4106711905485316,0.8969919423663234,-0.6363794187154748,1.011509600922432,-2.5368003011357207,-0.16906137846950028,0
38264,0.4331112228123886,0.7799139348171699,-0.614550214892564,0.6800009776926377,-3.54781841058041,0.6614910249366897,0
38297.00000000001,0.44202018853136965,0.6442290501249389,-0.6251794357487095,0.2699686581508809,-4.111663172490941,-0.32209760170130725,0
38331,0.46398846172465896,0.509902556765087,-0.6932639630641244,0.6461256821557063,-3.9507792164670783,-2.002486097512632,0
38364.00000000001,0.4862539490575519,0.37645748631254194,-0.7060998738823646,0.6747117373602441,-4.043790013712595,-0.38896699449204164,0
38397,0.4925699764295536,0.23184086498250633,-0.7143207511058994,0.19139476884857717,-4.382321858486894,-0.24911749162232213,0
38443,0.4699052722836596,0.07105356958880597,-0.7170375056326633,-0.4927109596933478,-3.495375986819573,-0.05905988101660648,0
38472,0.4356163545565467,0.01842872643529306,-0.7157586265632583,-1.1823764733487205,-1.8146497639142383,0.04409927825534647,0
38519,0.4083564958966117,-0.06215884973047723,-0.716553792342266,-0.5799969927645737,-1.7146292801227723,-0.01691842082995178,0
38561,0.39379954061890987,-0.08552276844061045,-0.7172552809946339,-0.3465941732786153,-0.5562837788126956,-0.016702110770663196,0
38604,0.3765726068359519,-0.09455337507579269,-0.7198636749738945,-0.40062636704553434,-0.21001410779493576,-0.06066032509908381,0
38631,0.36805526729664445,-0.10285158547448814,-0.7138533813868995,-0.31545701997434983,-0.3073411258776093,0.2226034661850003,0
38664,0.34233123180738756,-0.07819613348105015,-0.7201186790071611,-0.7795162269471785,0.7471349088920604,-0.1898575036442916,0
38697,0.31305999803041695,-0.05871246443277308,-0.7270197595089466,-0.8870070841506243,0.5904142135841535,-0.20912365156925775,0
38731,0.28519868828962947,-0.035191163979288474,-0.7299905850864336,-0.8194502864937496,0.6918029545142531,-0.08737722286726345,0
38764,0.2537017636812658,-0.01637154186342143,-0.7307506548467654,-0.9544522608595053,0.5702915792686982,-0.023032416979752345,0
38797.00000000001,0.21712204566823778,0.03722846163518844,-0.7388656697422605,-1.1084763034248468,1.6242425302605472,-0.24590954228767775,0
38831,0.1802019159491677,0.11466596552193725,-0.7570026682713181,-1.0858861682081757,2.2775736437283935,-0.5334411332076904,0
38866,0.1357213803285709,0.19787993224579428,-0.7777575594427963,-1.2708724463027659,2.377541906395915,-0.5929968906136633,0
38904,0.14403732198566915,0.3726864285030888,-0.8022294233953592,0.21884056992363837,4.60017095413933,-0.6439964198042853,0
38950,0.15399285897332893,0.5045174775759669,-0.8242637142803996,0.21642471712303857,2.865892371149523,-0.4790063235878345,0
38994,0.16157159841900604,0.5899251684027716,-0.8469655234214933,0.17224407831084335,1.9410838824273813,-0.5159502077521311,0
39018,0.16565011724863557,0.6268015530220085,-0.8582030932680019,0.16993828456789728,1.5365160258015338,-0.46823207693785784,0
39040,0.16957448373484227,0.6511262929676361,-0.8713848740967801,0.17838029482757722,1.1056699975285307,-0.599171855853554,0
39064,0.17515153651043125,0.6790765038174722,-0.8975527244457189,0.2323771989828742,1.1645921187431694,-1.0903270978724482,0
39098,0.17940052155743788,0.6870962925803039,-0.9190067874418945,0.12497014844137151,0.2358761400832857,-0.6310018528286936,0
39131,0.1832318403658722,0.6987094217166361,-0.9354337275920596,0.11610056995255513,0.3519130041312778,-0.49778606515651824,0
39164,0.18622335569811654,0.707196741587131,-0.9475168791150489,0.0906519797649801,0.2571915112271179,-0.36615610675725246,0
39198,0.18900794425531178,0.7133802243175225,-0.9608523923807794,0.08189966344691879,0.1818671391291614,-0.392220978403837,0
39231,0.19059916380821448,0.7128909943904073,-0.9688851052143218,0.048218774330384864,-0.014825149306521146,-0.2434155404103774,0
39269,0.19344023570509356,0.720030605842375,-0.9821117800451954,0.07476504991787031,0.18788451189388766,-0.348070390286147,0
39304,0.19453116258533518,0.7200950428818582,-0.9861952524356847,0.0311693394354749,0.0018410582709492218,-0.11667063972826684,0
39342,0.19652975808918344,0.7253743737047778,-0.9952145464120272,0.052594618522322646,0.13892975849788256,-0.23734984148269714,0
39384,0.1950224372385828,0.7158682855722837,-0.9857379087025522,-0.03588859168096724,-0.22633543172604986,0.22563423117797723,0
39440,0.19408218612936323,0.7105886824520523,-0.9784234536899656,-0.016790198378921088,-0.09427862714698833,0.1306152680819025,0
39481,0.19104623382389058,0.7586746821335661,-0.9413260783010187,-0.07404761720665014,1.1728292605247277,0.9048140338767554,0
39503,0.20523296405847188,0.7589487479656429,-0.9257287548422609,0.6448513742991504,0.012457537821672108,0.7089692481253523,0
39531,0.21010018119846005,0.7650149526489779,-0.9077986721085701,0.17382918357100596,0.21665016726196298,0.6403600976318139,0
39564,0.2227482105496736,0.7258892956797212,-0.8766808941638077,0.38327361670344046,-1.1856259687653556,0.9429629680231044,0
39598,0.2467003616377381,0.7002422110726388,-0.868346401175585,0.7044750320018972,-0.7543260178553621,0.2451321467124306,0
39631,0.2571363197311707,0.6600379826310839,-0.8602897183634615,0.3162411543464421,-1.2183099527743912,0.244141903397684,0
39664,0.23560025364108236,0.6084860163345351,-0.8514607975143856,-0.6526080633360096,-1.5621807968651147,0.2675430560326008,0
39698,0.17089942413997364,0.5232918289781529,-0.8316484750786516,-1.9029655735620212,-2.505711392834773,0.5827153657568839,0
39731,0.1049386677984242,0.4545096199649053,-0.8097931446218879,-1.9988107982287706,-2.0843093640378045,0.6622827411140512,0
39768,0.012025159310293585,0.41014142046964697,-0.7849726437847407,-2.5111759050846114,-1.199140526898874,0.6708243469499231,0
39807,-0.08915113849880182,0.38076160905797046,-0.7638428020525592,-2.594264046387062,-0.753328497735295,0.5417908136456814,0
39857,-0.17710577655240864,0.3622119145778352,-0.7339761412763156,-1.7590927610721363,-0.3709938896027054,0.5973332155248712,0
39916.00000000001,-0.268520622447739,0.3502149963403466,-0.7263008141848744,-1.5494041677172727,-0.20333759724554454,0.13009028968542893,0
39954,-0.3346846778704619,0.340635828458515,-0.7292286480334537,-1.7411593532298835,-0.25208336531140635,-0.07704825917315444,0
39974.00000000001,-0.35974216504306117,0.3302511188614911,-0.733857081786813,-1.252874358629507,-0.5192354798510045,-0.23142168766788115,0
39999,-0.37392706326819836,0.31649009912700415,-0.7358094221694718,-0.5673959290056527,-0.5504407893796385,-0.07809361530637435,0
40031,-0.3663914154074503,0.29867628477250147,-0.7333626396267807,0.23548899564837694,-0.556681698578209,0.07646195445909498,0
40065,-0.3859069924066555,0.2882647160620035,-0.7510613880780594,-0.5739875588001528,-0.3062226091322934,-0.5205514250376094,0
40098,-0.38652301138594,0.25795285727494277,-0.7543278173905029,-0.01866724179649948,-0.9185411753654763,-0.09898270643768106,0
40131,-0.4001438468101424,0.22493061952415722,-0.7708500627394641,-0.4127525886121954,-1.0006738712359258,-0.5006741014836722,0
40165,-0.41401019718116683,0.1881903004190658,-0.7872380054682067,-0.40783383444189425,-1.080597620737983,-0.48199831555125155,0
40202,-0.4197096581118358,0.14548204328072625,-0.7987481682879812,-0.15403948461267503,-1.1542772199551226,-0.311085481615529,0
40239.00000000001,-0.42038878385909423,0.09924100652471607,-0.8129273251503394,-0.018354749925899753,-1.2497577501621917,-0.3832204557393342,0
40269,-0.4190643684251994,0.06616979075857418,-0.8171406241179092,0.044147181129838446,-1.1023738588716636,-0.14044329891902854,0
40303.00000000001,-0.42111248833008835,0.043892502902875344,-0.8217595058094724,-0.060238820732015246,-0.6552143486968844,-0.13584946151653607,0
40358.00000000001,-0.4177462764800767,0.04710982320807181,-0.8266911857350603,0.06120385181839418,0.058496732821753966,-0.08966690773796092,0
40389,-0.4044735679796231,0.07693892763793257,-0.7999751245472989,0.4281518871115066,0.9622291751570246,0.8618084254118595,0
40420,-0.38038626034361617,0.17106181670806123,-0.7775016423848242,0.7770099237421586,3.036222228068666,0.7249510374991835,0
40451,-0.3497703639651675,0.32506506337731095,-0.7241163178531811,0.9876095605951192,4.967846666749991,1.72210724295623,0
40482,-0.31542248968429304,0.5543208790853894,-0.6809635772277446,1.1079959445443366,7.395348893808983,1.392023891143113,0
40519,-0.2763569873566516,0.8089975978603419,-0.6295133012789368,1.0558243872335527,6.883154561485202,1.390547998616427,0
40551,-0.25738010179358933,0.9318564588823447,-0.6019498515162136,0.5930276738456957,3.8393394069375884,0.8613578050850994,0
40585,-0.238155403308374,1.0359137685405353,-0.5866023102911742,0.565432308388686,3.060509107593841,0.45139827132468974,0
40622,-0.22265403431492592,1.0800255704715145,-0.5869898678270633,0.4189559187418403,1.1922108629994377,-0.010474527997004034,0
40658,-0.20438002310364417,1.068008427839242,-0.6100876251919213,0.5076114225356042,-0.3338095175631217,-0.6416043712460548,0
40696,-0.20167533215870845,1.0271376234546195,-0.6292046039872256,0.0711760774983085,-1.0755474838058592,-0.5030783893501125,1
40739.00000000001,-0.1903544972163188,0.971609155985742,-0.6475843952510184,0.2632752312183192,-1.291359708578326,-0.42743700613464525,0
40789,-0.18515238048623844,0.9441206132208257,-0.6458585241092197,0.10404233460162242,-0.5497708552984061,0.0345174228359785,0
40844,-0.1785868408629314,0.9247253515483891,-0.6424479607908079,0.11937344769649189,-0.3526411213170302,0.06201024215294237,0
40874,-0.17535323592415633,0.9215884751607155,-0.6464594086180246,0.10778683129250197,-0.10456254625578569,-0.13371492757389136,0
40904,-0.16988425888998923,0.9162898876693567,-0.6499102134684528,0.18229923447223667,-0.17661958304529363,-0.11502682834760489,0
40932,-0.16790422379089934,0.9127717912986875,-0.6512492313977499,0.0707155392532105,-0.12564629895247298,-0.047822068903469184,0
40965,-0.16777104255080777,0.9086035737283149,-0.6501650366467651,0.004035795154289931,-0.12630962334462292,0.03285438639348085,0
40998,-0.16679913201130137,0.9015531355440084,-0.6534862495192999,0.029451834530497097,-0.21364964194868202,-0.10064281431923756,0
41032,-0.16850008553524232,0.9005990210426742,-0.6557300882151994,-0.050028044821792676,-0.02806219121571183,-0.06599525576175007,0
41069,-0.17232309013877123,0.8833698807336995,-0.6595132402214192,-0.10332444874402466,-0.4656524407831003,-0.10224735151945445,0
41105.00000000001,-0.1822135459430275,0.8408263972301181,-0.6705533481850964,-0.2747348834515074,-1.1817634306547997,-0.30666966565763687,0
41141,-0.19785158046401902,0.7650860098138614,-0.6812854482708746,-0.43438984780540785,-2.103899650451999,-0.2981138912716765,0
41183,-0.2317040946228593,0.6685331204687154,-0.6846075195896587,-0.8060122418771494,-2.2988783177415724,-0.07909693616152733,0
41227.00000000001,-0.2713377295095994,0.5690375835362387,-0.6860870772923227,-0.9007644292439442,-2.2612622030104603,-0.03362631142417506,0
41278,-0.30840130086007633,0.4721327430956037,-0.6764838133290896,-0.7267366931467104,-1.9000949106009566,0.18829929339675386,0
41333,-0.3429184645246578,0.39961798628533063,-0.6764647088931878,-0.6275847939014811,-1.318450123823147,0.00034735338003284835,0
41376,-0.37233537992587323,0.33805660163499496,-0.6869069494051265,-0.684114311656173,-1.4316601081473412,-0.24284280260322702,0
41398,-0.3857985094897584,0.31192950603932973,-0.6862435938333181,-0.6119604347220536,-1.1875952543484196,0.03015252599129139,0
41432,-0.38842725604270995,0.2788031158278016,-0.6924793083265774,-0.0773160750868098,-0.9743055944567097,-0.18340336744880367,0
41465,-0.3899111916490951,0.2562263315480798,-0.6972943328287451,-0.04496774564803503,-0.6841449781733884,-0.14590983339901945,0
41498,-0.32066248670126485,0.2827496637288021,-0.6986203881678963,2.0984456044797044,0.8037373388097677,-0.04018349512579393,0
41532,-0.4247847411385645,0.18999925844737198,-0.6785748641896966,-3.0624192481558725,-2.727953096512651,0.5895742346529322,0
41565,-0.3729807932053004,0.24542823121857069,-0.706769857199522,1.5698166040383057,1.679665841551476,-0.8543937275704673,0
41598,-0.39098638754966647,0.21901713195881464,-0.7054596432917773,-0.5456240710413954,-0.8003363412047285,0.039703451749838234,0
41632,-0.4062148963088907,0.20471430720962064,-0.7043442057401986,-0.4478973164477709,-0.4206713161527648,0.03280698681113894,0
41667,-0.4152425471375775,0.1995625127946756,-0.7001404724899967,-0.25793288081962396,-0.14719412614128677,0.12010666429148449,0
41705,-0.43081198033446855,0.19907221734337224,-0.6908308225202805,-0.40972192623397435,-0.012902511876404146,0.24499078867674137,0
41754,-0.44156958176013467,0.20574655342822193,-0.6866481918293474,-0.21954288623808405,0.13621094050713645,0.0853598100190419,0
41812,-0.4427707357830951,0.21232369100262077,-0.688647584668949,-0.02070955212000774,0.1133989236965318,-0.03447229033795861,0
41854,-0.4426511072033663,0.2248669034974672,-0.6847465694901311,0.002848299517352458,0.29864791654396283,0.09288131378137887,0
41876,-0.43223197234147387,0.2451304265530524,-0.6899552211425487,0.47359703917692925,0.9210692297993265,-0.23675689329170788,0
41899,-0.41548656886692226,0.295890987640759,-0.6864348699316498,0.7280610206326789,2.206980916856809,0.15305874829995159,0
41932,-0.39697136584096776,0.35519674092548786,-0.685958525968465,0.5610667583622574,1.7971440389311777,0.014434665551056223,0
41965,-0.3932646148553617,0.4339256059024487,-0.6785883554148985,0.1123257874426084,2.3857231811200257,0.22333850162322663,0
41999,-0.3908474269480434,0.5180774238948578,-0.6557347363170443,0.07109376197994892,2.4750534703649723,0.6721652675839475,0
42032,-0.3654319249717349,0.6104239856372897,-0.6821192769172517,0.7701667265548042,2.798380658861574,-0.7995315333396197,0
42065,-0.3842089444858209,0.6173884474403242,-0.6102406714950448,-0.5690005913359394,0.21104429706164998,2.1781395582486947,0
42099.00000000001,-0.33047384527277507,0.6741139764842327,-0.708114675172098,1.5804440945010092,1.668397913055775,-2.878647166971538,0
42134,-0.3969876602569402,0.670096336446204,-0.5967344075336686,-1.9003947138336847,-0.11478971537227028,3.1822933610986457,0
42165,-0.36071059824045204,0.6946938097179035,-0.6559455540563981,1.1702278069834895,0.7934668797322412,-1.910036984604178,0
42208,-0.33800652797611885,0.7178146651146863,-0.680861487681129,0.5280016340542603,0.5376943115530877,-0.5794403168542065,0
42258,-0.4040422442910132,0.6826931686118372,-0.5868938876203071,-1.320714326297887,-0.7024299300569825,1.8793520012164366,0
42301,-0.30228065870437953,0.7451682775466122,-0.7156389974721659,2.3665485020147368,1.4529095101110474,-2.9940723221362493,0
42332,-0.40638359837201565,0.6880676730709046,-0.5837577657576124,-3.3581593441172943,-1.8419549830873432,4.254233281114628,0
42365,-0.29210233556857473,0.7619918273003327,-0.7296180962989771,3.46306856980124,2.2401258857402455,-4.420010016404991,1
42399,-0.408141221802862,0.6837316055639451,-0.5865232810453415,-3.4129084186555074,-2.301771227540811,4.208671036871636,0
42432,-0.2810879588443119,0.7535733716400527,-0.7416225896944626,3.85009887753182,2.116417153821442,-4.699979049973368,0
42470,-0.40375822008315243,0.6881859950925145,-0.5831944146736304,-3.2281647694431714,-1.7207204354615295,4.169162500548215,0
42499,-0.2731307719428604,0.7399639932910475,-0.7473857731657431,4.504394763458346,1.7854482137425138,-5.661770982486642,0
42539,-0.4146481341965629,0.673743095681,-0.5976455750488521,-3.537934056342562,-1.6555224402511863,3.7435049529222746,0
42572,-0.32948178203904843,0.6925349973127116,-0.7340425090567406,2.58079855022771,0.569451564597322,-4.133240424481471,0
42629,-0.3556576740487476,0.6085609814377391,-0.7275300478204522,-0.4592261756087572,-1.473228348683729,0.11425370589979751,0
42672.00000000001,-0.387747216998895,0.5074508937894776,-0.7340686060538653,-0.7462684407009755,-2.3513973871684732,-0.15205949380027878,0
42699,-0.39827040704967714,0.45223668987175225,-0.734265656177923,-0.389747779658704,-2.0449705154718605,-0.0072981527428833,0
42732,-0.41815350881450647,0.3795913420543395,-0.7402278792732816,-0.6025182352978583,-2.2013741762852357,-0.18067342713207707,0
42766,-0.42630024695231605,0.29056549953859856,-0.7595748282590706,-0.23960994522969362,-2.6184071328159093,-0.5690279113467364,0
42799,-0.4281324663174736,0.23093517981827652,-0.7849975705257463,-0.05552179894416785,-1.8069793854643041,-0.7703861292932007,0
42832,-0.44034509560371893,0.18902360514981228,-0.7905530699548655,-0.37007967534076774,-1.2700477172261888,-0.16834846754906846,0
42866,-0.44552001935420005,0.15260788013595136,-0.7836590558669292,-0.15220363972003292,-1.0710507357017918,0.20276512023342141,0
42899,-0.4751994115125353,0.12461540440111887,-0.7726459089514849,-0.8993755199495533,-0.8482568404494694,0.3337317247104335,0
42932,-0.4908122800127516,0.10282730249472198,-0.7652735940066638,-0.47311722727928224,-0.6602455123150573,0.2234034831763953,0
42971,-0.5100802723141126,0.09039056628928795,-0.7563258708511683,-0.4940510846502807,-0.318890671934206,0.22942879885885958,0
43010,-0.5368360563963396,0.0817885775655858,-0.7523029094102682,-0.6860457456981284,-0.22056381342826012,0.10315285745897655,0
43056,-0.5431407630724986,0.07420685166984924,-0.7432107505947162,-0.13705884078606545,-0.16482012816818623,0.19765562642504417,0
43113,-0.5530452411149828,0.07454116129526742,-0.7335109023111915,-0.173762772675161,0.005865081147687376,0.1701727769039414,0
43148,-0.5486021444559334,0.0713799408160935,-0.7336289030038561,0.126945618829983,-0.09032058511925471,-0.003371448361844109,0
43178.00000000001,-0.5512701505720206,0.07060165801699393,-0.7318577157665753,-0.08893353720288497,-0.025942759969979357,0.05903957457601095,0
43207,-0.5484753311839463,0.07085097038889568,-0.7328004491072259,0.09637308234741189,0.00859697834144171,-0.032508046229337006,0
43237,-0.5373051647222196,0.07185043043946553,-0.7334020062194472,0.37233888205755833,0.03331533501899492,-0.020051903740710607,0
43269,-0.5469526543780524,0.08900331965495074,-0.7274563847239143,-0.30148405174477627,0.536027787983913,0.18580067173540327,0
43312,-0.5373529579516341,0.1224222070145135,-0.7217964761928916,0.22324875410275202,0.7771834269665759,0.131625779791226,0
43350,-0.5332250074327014,0.18528588199763715,-0.7082290630929093,0.10863027681401753,1.6543072363979907,0.3570371868416373,0
43390,-0.5290442742872244,0.32446955422576845,-0.6697573836339046,0.1045183286369239,3.4795918057032824,0.961791986475119,0
43434,-0.5255506350099723,0.4480852958937883,-0.6382468147872068,0.07940089266482053,2.809448674273179,0.7161492919704042,0
43486.00000000001,-0.5322056015172473,0.5241828424654917,-0.623416983045797,-0.12798012513988458,1.4634143571479379,0.2851890719501493,0
43531,-0.531419720906249,0.5552464736056079,-0.6189650003786561,0.017464013577742125,0.6903029142249143,0.09893294815870185,0
43553.00000000001,-0.5323614372316752,0.5751830978630681,-0.619156942353287,-0.04280528751935708,0.9062101935206199,-0.008724635210492786,0
43578,-0.5314102010195376,0.6015003213165259,-0.6289983773159117,0.03804944848551314,1.0526889381386173,-0.39365739850510195,0
43599.00000000001,-0.5287479098980511,0.6129027562639785,-0.6374669756167158,0.12677576768979065,0.5429730927356515,-0.403266585752439,0
43633,-0.5265754104775388,0.6246062481106684,-0.647154300888318,0.06389704177978843,0.34422034843213106,-0.28492133151777305,0
43666.00000000001,-0.5227185622673282,0.6171612335305988,-0.6526106117393846,0.11687418818817409,-0.22560650242630273,-0.1653427530625869,0
43699,-0.518858593525814,0.618331806219625,-0.6564738892015227,0.11696874974287957,0.0354718996674686,-0.11706901400421078,0
43733.00000000001,-0.5134844342238951,0.6226150951552748,-0.6623710914518582,0.1580635088799329,0.1259790863426135,-0.17344712500983114,0
43766,-0.5048448830453124,0.619786226244123,-0.6678453869524645,0.2618045811692313,-0.08572330033795071,-0.16588774244265164,0
43799,-0.4998365556540446,0.6120083155680703,-0.6721366426253759,0.15176749670508408,-0.23569426291068826,-0.13003805069428276,1
43833,-0.495385086170706,0.607073578013255,-0.674937985940953,0.13092557303937152,-0.14513933984750962,-0.08239245045815093,0
43868,-0.49633957205232687,0.6124320823947951,-0.674526241489165,-0.02727102518916835,0.15310012518685895,0.011764127193944087,0
43913.00000000001,-0.4947806715237525,0.6104556904203576,-0.6722788977461607,0.034642233968313965,-0.04391982165415826,0.04994097206675375,0
43939,-0.4964227942264274,0.6153819340496587,-0.672261211139831,-0.06315856548751331,0.18947090881932427,0.0006802540896050138,0
43966,-0.49064468585091975,0.6053431845218396,-0.6763974038158007,0.21400401390768997,-0.3718055380673754,-0.15319232133221344,0
43999,-0.49168386373149087,0.6043257298790187,-0.6773477204288046,-0.0314902388051854,-0.030831958873360023,-0.028797473121331272,0
44033,-0.4952471851085825,0.6072104509996548,-0.6756179887197109,-0.1048035699144601,0.08484473884223798,0.050874462032168825,0
44066,-0.5020438399568242,0.6061805239583825,-0.677590771413963,-0.20595923782550643,-0.031209910341583314,-0.05978129376521366,0
44100,-0.5091223181568707,0.5792209761667834,-0.6789027767343335,-0.20819053529548465,-0.7929278762235042,-0.03858839177560495,0
44133,-0.5060521630814199,0.48310191662469,-0.6851536913800098,0.09303500228638882,-2.9126987740028296,-0.18942165592958443,0
44166.00000000001,-0.5088464231909824,0.38119008548492095,-0.6991062885892256,-0.0846745487746031,-3.0882373072650475,-0.4228059760367499,0
44206,-0.5305487901147995,0.2713362145884571,-0.6997009364523586,-0.5425591730955264,-2.7463467724120965,-0.014866196578328035,0
44251,-0.5473878606070357,0.18906880446753543,-0.7012897048483684,-0.37420156649413794,-1.8281646693538145,-0.035305964355772074,0
44310,-0.5721513632048209,0.1456881390303192,-0.6947668889130746,-0.4197203830133076,-0.7352655158850208,0.11055620229311529,0
44369,-0.5816233051056096,0.11059843013991377,-0.6897534835024745,-0.1605413881489611,-0.5947408286509397,0.08497297306101925,0
44408,-0.5908902944066481,0.06765579053286021,-0.6862359104090979,-0.23761511028303925,-1.1010933232577838,0.09019418188144936,0
44433,-0.5948424908463662,0.04037269245483303,-0.6859358752945938,-0.15808785758872457,-1.0913239231210872,0.012001404580166408,0
44466,-0.6016106473795595,0.020735542792599166,-0.6836330547514924,-0.20509565252100886,-0.5950651412798139,0.06978244070004183,0
44500,-0.6034692197374942,0.015067982256487299,-0.6799828631952993,-0.05466389288043353,-0.16669295694446667,0.10735857518214885,0
44533,-0.6057753922898383,0.006557788297373636,-0.6777054135828671,-0.0698840167377003,-0.25788466542768673,0.06901362461915934,0
44566,-0.613289576081752,0.007478669899096363,-0.6752236045512168,-0.22770253914890026,0.02790550308250686,0.07520633429243317,0
44600,-0.6057441436504802,0.007366426298932482,-0.6747398011532223,0.22192448327270042,-0.003301282357761205,0.014229511705719868,0
44633,-0.602960896243642,0.01221690808989707,-0.6737406856248307,0.08434083051024904,0.14698429669589658,0.03027622813307888,0
44668,-0.607073598998127,0.019480251605879177,-0.6733658940081763,-0.11750579298528406,0.20752410045663164,0.010708331904412432,0
44703,-0.6355047350835478,0.0360075456484677,-0.6745268298759276,-0.8123181738691658,0.47220840121681484,-0.03316959622146699,0
44744,-0.643622208565656,0.12509067973723165,-0.6783030286883549,-0.19798715810020068,2.172759368018633,-0.09210241005920244,0
44792,-0.6476503772007002,0.27131339552590755,-0.68679447479337,-0.08392017989675381,3.046306578930748,-0.17690512718781387,0
44843,-0.6500186731677583,0.4382720868636861,-0.6917085801700884,-0.04643717582466903,3.27369983015252,-0.09635500738663601,0
44867.00000000001,-0.6444805396613047,0.49361663088132834,-0.6941229311103735,0.23075556276883014,2.3060226674010624,-0.10059795584518123,0
44900,-0.6341624846630115,0.5577914377678735,-0.6960971361160012,0.3126683332816808,1.9446911177745259,-0.05982439410994432,0
44933,-0.6265809448889571,0.6075569728095296,-0.6936574199865706,0.22974362951680005,1.5080465164138193,0.07393079180092768,0
44967,-0.6293389001182927,0.6353914814157295,-0.68589441331351,-0.08111633027457765,0.8186620178294105,0.22832372567825363,0
45000,-0.6211449823144807,0.6479886059612223,-0.6896252827345398,0.24830053950945657,0.38173104683311443,-0.11305664912211659,0
45033,-0.6239943698982068,0.6629892642107754,-0.6849600375848994,-0.08634507829473043,0.45456540150160907,0.14137106514061804,0
45067,-0.6163036932762981,0.6657286634845806,-0.6900223665079042,0.22619637123260877,0.08057056687662283,-0.14889202714719801,1
45100,-0.6168960538739813,0.6747973662838127,-0.6907184670620738,-0.017950321141914992,0.2748091757343063,-0.021093956186960222,0
45136,-0.6087905537530023,0.6725781523184865,-0.6924230813943203,0.22515278113830536,-0.06164483237017238,-0.047350398117956834,0
45168,-0.6048807875651959,0.671952322153025,-0.6937850507618918,0.12218019336894884,-0.019557192670670992,-0.042561542736609115,0
45208,-0.6035383919916187,0.6709265624187921,-0.6956821772375265,0.03355988933942955,-0.02564399335582279,-0.04742816189086674,0
45246,-0.6086028940167503,0.6737207284393084,-0.6926098475584095,-0.1332763690824088,0.07353068475042888,0.08085078102939394,0
45268,-0.6085501455818091,0.6728997611767539,-0.6942269194316323,0.0023976561336902513,-0.03731669375247907,-0.0735032669646726,0
45300.00000000001,-0.6082251885413916,0.6675794046354597,-0.6915606836635834,0.010154907513043373,-0.1662611419154043,0.08331986775150979,0
45333,-0.6046311707290495,0.6676137933730673,-0.6932202115749024,0.10890963067705865,0.0010420829578040758,-0.05028872458543745,0
45367.00000000001,-0.601645934433666,0.6662821883527954,-0.6948470355383138,0.08780106751126056,-0.03916485353739907,-0.047847763629736986,0
45400,-0.6015045767342273,0.6693682785168159,-0.6970647880983977,0.004283566649657983,0.09351788375821775,-0.06720462303285815,0
45433,-0.6045391378179737,0.6722376292655623,-0.6948693783972648,-0.09195639647716501,0.08695002268928458,0.06652756670099562,0
45467,-0.6012186041463282,0.6738545745787574,-0.6941707337261265,0.09766275504839797,0.04755721509397404,0.02054837268053934,0
45501,-0.5996831550997596,0.680185610121084,-0.6958325942360859,0.045160266075548815,0.1862069277154886,-0.048878250292924204,0
45541.00000000001,-0.5976042291155561,0.6898789566619395,-0.6948029059460067,0.051973149605076804,0.24233366352134392,0.025742207251975607,0
45582,-0.5859650604039159,0.6686621396674333,-0.6970487373145934,0.2838821636985911,-0.5174833413295133,-0.05477637484358759,0
45610,-0.5821669089640092,0.5880388484274887,-0.7010247303982259,0.13564826571095334,-2.8794032585694502,-0.14199975298687503,0
45644,-0.5678612862952179,0.41609329146596724,-0.6996764348721135,0.420753607905627,-5.057222263574159,0.03965575076801103,0
45867.00000000001,-0.7011220698276662,-0.28174657514522483,-0.4842058491239801,0,0,0,0